RelationshipNumber,BusinessPartnerCompany,BusinessPartnerPerson,ValidityEndDate,AddressID,AddressNumber,AdditionalStreetPrefixName,AdditionalStreetSuffixName,AddressTimeZone,CareOfName,CityCode,CityName,CompanyPostalCode,Country,County,DeliveryServiceNumber,DeliveryServiceTypeCode,District,FormOfAddress,FullName,HomeCityName,HouseNumber,HouseNumberSupplementText,Language,POBox,POBoxDeviatingCityName,POBoxDeviatingCountry,POBoxDeviatingRegion,POBoxIsWithoutNumber,POBoxLobbyName,POBoxPostalCode,Person,PostalCode,PrfrdCommMediumType,Region,StreetName,StreetPrefixName,StreetSuffixName,TaxJurisdiction,TransportZone,AddressRepresentationCode,ContactPersonBuilding,ContactPersonPrfrdCommMedium,ContactRelationshipDepartment,ContactRelationshipFunction,CorrespondenceShortName,Floor,InhouseMail,IsDefaultAddress,RoomNumber,PersonNumber
ess-27548944,s-27548944,s-27548944,2015-01-06,s-27548944,r-27548944,AdditionalStreetPrefixName-27548944,AdditionalStreetSuffixName-27548944,548944,CareOfName-27548944,ode-27548944,CityName-27548944,e-27548944,944,County-27548944,r-27548944,8944,District-27548944,8944,FullName-27548944,HomeCityName-27548944,r-27548944,t-27548944,44,x-27548944,POBoxDeviatingCityName-27548944,944,944,true,POBoxLobbyName-27548944,e-27548944,n-27548944,e-27548944,944,944,StreetName-27548944,StreetPrefixName-27548944,StreetSuffixName-27548944,iction-27548944,e-27548944,4,g-27548944,944,ContactRelationshipDepartment-27548944,ContactRelationshipFunction-27548944,e-27548944,r-27548944,l-27548944,true,r-27548944,r-27548944
ess-27548945,s-27548945,s-27548945,2010-09-20,s-27548945,r-27548945,AdditionalStreetPrefixName-27548945,AdditionalStreetSuffixName-27548945,548945,CareOfName-27548945,ode-27548945,CityName-27548945,e-27548945,945,County-27548945,r-27548945,8945,District-27548945,8945,FullName-27548945,HomeCityName-27548945,r-27548945,t-27548945,45,x-27548945,POBoxDeviatingCityName-27548945,945,945,false,POBoxLobbyName-27548945,e-27548945,n-27548945,e-27548945,945,945,StreetName-27548945,StreetPrefixName-27548945,StreetSuffixName-27548945,iction-27548945,e-27548945,5,g-27548945,945,ContactRelationshipDepartment-27548945,ContactRelationshipFunction-27548945,e-27548945,r-27548945,l-27548945,false,r-27548945,r-27548945
ess-27548946,s-27548946,s-27548946,2021-09-23,s-27548946,r-27548946,AdditionalStreetPrefixName-27548946,AdditionalStreetSuffixName-27548946,548946,CareOfName-27548946,ode-27548946,CityName-27548946,e-27548946,946,County-27548946,r-27548946,8946,District-27548946,8946,FullName-27548946,HomeCityName-27548946,r-27548946,t-27548946,46,x-27548946,POBoxDeviatingCityName-27548946,946,946,true,POBoxLobbyName-27548946,e-27548946,n-27548946,e-27548946,946,946,StreetName-27548946,StreetPrefixName-27548946,StreetSuffixName-27548946,iction-27548946,e-27548946,6,g-27548946,946,ContactRelationshipDepartment-27548946,ContactRelationshipFunction-27548946,e-27548946,r-27548946,l-27548946,true,r-27548946,r-27548946
ess-27548947,s-27548947,s-27548947,2000-08-28,s-27548947,r-27548947,AdditionalStreetPrefixName-27548947,AdditionalStreetSuffixName-27548947,548947,CareOfName-27548947,ode-27548947,CityName-27548947,e-27548947,947,County-27548947,r-27548947,8947,District-27548947,8947,FullName-27548947,HomeCityName-27548947,r-27548947,t-27548947,47,x-27548947,POBoxDeviatingCityName-27548947,947,947,false,POBoxLobbyName-27548947,e-27548947,n-27548947,e-27548947,947,947,StreetName-27548947,StreetPrefixName-27548947,StreetSuffixName-27548947,iction-27548947,e-27548947,7,g-27548947,947,ContactRelationshipDepartment-27548947,ContactRelationshipFunction-27548947,e-27548947,r-27548947,l-27548947,false,r-27548947,r-27548947
ess-27548948,s-27548948,s-27548948,2017-03-17,s-27548948,r-27548948,AdditionalStreetPrefixName-27548948,AdditionalStreetSuffixName-27548948,548948,CareOfName-27548948,ode-27548948,CityName-27548948,e-27548948,948,County-27548948,r-27548948,8948,District-27548948,8948,FullName-27548948,HomeCityName-27548948,r-27548948,t-27548948,48,x-27548948,POBoxDeviatingCityName-27548948,948,948,true,POBoxLobbyName-27548948,e-27548948,n-27548948,e-27548948,948,948,StreetName-27548948,StreetPrefixName-27548948,StreetSuffixName-27548948,iction-27548948,e-27548948,8,g-27548948,948,ContactRelationshipDepartment-27548948,ContactRelationshipFunction-27548948,e-27548948,r-27548948,l-27548948,true,r-27548948,r-27548948
ess-27548949,s-27548949,s-27548949,2003-08-01,s-27548949,r-27548949,AdditionalStreetPrefixName-27548949,AdditionalStreetSuffixName-27548949,548949,CareOfName-27548949,ode-27548949,CityName-27548949,e-27548949,949,County-27548949,r-27548949,8949,District-27548949,8949,FullName-27548949,HomeCityName-27548949,r-27548949,t-27548949,49,x-27548949,POBoxDeviatingCityName-27548949,949,949,false,POBoxLobbyName-27548949,e-27548949,n-27548949,e-27548949,949,949,StreetName-27548949,StreetPrefixName-27548949,StreetSuffixName-27548949,iction-27548949,e-27548949,9,g-27548949,949,ContactRelationshipDepartment-27548949,ContactRelationshipFunction-27548949,e-27548949,r-27548949,l-27548949,false,r-27548949,r-27548949
ess-27548950,s-27548950,s-27548950,2016-07-04,s-27548950,r-27548950,AdditionalStreetPrefixName-27548950,AdditionalStreetSuffixName-27548950,548950,CareOfName-27548950,ode-27548950,CityName-27548950,e-27548950,950,County-27548950,r-27548950,8950,District-27548950,8950,FullName-27548950,HomeCityName-27548950,r-27548950,t-27548950,50,x-27548950,POBoxDeviatingCityName-27548950,950,950,true,POBoxLobbyName-27548950,e-27548950,n-27548950,e-27548950,950,950,StreetName-27548950,StreetPrefixName-27548950,StreetSuffixName-27548950,iction-27548950,e-27548950,0,g-27548950,950,ContactRelationshipDepartment-27548950,ContactRelationshipFunction-27548950,e-27548950,r-27548950,l-27548950,true,r-27548950,r-27548950
ess-27548951,s-27548951,s-27548951,2006-12-26,s-27548951,r-27548951,AdditionalStreetPrefixName-27548951,AdditionalStreetSuffixName-27548951,548951,CareOfName-27548951,ode-27548951,CityName-27548951,e-27548951,951,County-27548951,r-27548951,8951,District-27548951,8951,FullName-27548951,HomeCityName-27548951,r-27548951,t-27548951,51,x-27548951,POBoxDeviatingCityName-27548951,951,951,false,POBoxLobbyName-27548951,e-27548951,n-27548951,e-27548951,951,951,StreetName-27548951,StreetPrefixName-27548951,StreetSuffixName-27548951,iction-27548951,e-27548951,1,g-27548951,951,ContactRelationshipDepartment-27548951,ContactRelationshipFunction-27548951,e-27548951,r-27548951,l-27548951,false,r-27548951,r-27548951
ess-27548952,s-27548952,s-27548952,2022-11-27,s-27548952,r-27548952,AdditionalStreetPrefixName-27548952,AdditionalStreetSuffixName-27548952,548952,CareOfName-27548952,ode-27548952,CityName-27548952,e-27548952,952,County-27548952,r-27548952,8952,District-27548952,8952,FullName-27548952,HomeCityName-27548952,r-27548952,t-27548952,52,x-27548952,POBoxDeviatingCityName-27548952,952,952,true,POBoxLobbyName-27548952,e-27548952,n-27548952,e-27548952,952,952,StreetName-27548952,StreetPrefixName-27548952,StreetSuffixName-27548952,iction-27548952,e-27548952,2,g-27548952,952,ContactRelationshipDepartment-27548952,ContactRelationshipFunction-27548952,e-27548952,r-27548952,l-27548952,true,r-27548952,r-27548952
ess-27548953,s-27548953,s-27548953,2004-11-16,s-27548953,r-27548953,AdditionalStreetPrefixName-27548953,AdditionalStreetSuffixName-27548953,548953,CareOfName-27548953,ode-27548953,CityName-27548953,e-27548953,953,County-27548953,r-27548953,8953,District-27548953,8953,FullName-27548953,HomeCityName-27548953,r-27548953,t-27548953,53,x-27548953,POBoxDeviatingCityName-27548953,953,953,false,POBoxLobbyName-27548953,e-27548953,n-27548953,e-27548953,953,953,StreetName-27548953,StreetPrefixName-27548953,StreetSuffixName-27548953,iction-27548953,e-27548953,3,g-27548953,953,ContactRelationshipDepartment-27548953,ContactRelationshipFunction-27548953,e-27548953,r-27548953,l-27548953,false,r-27548953,r-27548953
ess-27548954,s-27548954,s-27548954,2004-02-01,s-27548954,r-27548954,AdditionalStreetPrefixName-27548954,AdditionalStreetSuffixName-27548954,548954,CareOfName-27548954,ode-27548954,CityName-27548954,e-27548954,954,County-27548954,r-27548954,8954,District-27548954,8954,FullName-27548954,HomeCityName-27548954,r-27548954,t-27548954,54,x-27548954,POBoxDeviatingCityName-27548954,954,954,true,POBoxLobbyName-27548954,e-27548954,n-27548954,e-27548954,954,954,StreetName-27548954,StreetPrefixName-27548954,StreetSuffixName-27548954,iction-27548954,e-27548954,4,g-27548954,954,ContactRelationshipDepartment-27548954,ContactRelationshipFunction-27548954,e-27548954,r-27548954,l-27548954,true,r-27548954,r-27548954
ess-27548955,s-27548955,s-27548955,2012-12-20,s-27548955,r-27548955,AdditionalStreetPrefixName-27548955,AdditionalStreetSuffixName-27548955,548955,CareOfName-27548955,ode-27548955,CityName-27548955,e-27548955,955,County-27548955,r-27548955,8955,District-27548955,8955,FullName-27548955,HomeCityName-27548955,r-27548955,t-27548955,55,x-27548955,POBoxDeviatingCityName-27548955,955,955,false,POBoxLobbyName-27548955,e-27548955,n-27548955,e-27548955,955,955,StreetName-27548955,StreetPrefixName-27548955,StreetSuffixName-27548955,iction-27548955,e-27548955,5,g-27548955,955,ContactRelationshipDepartment-27548955,ContactRelationshipFunction-27548955,e-27548955,r-27548955,l-27548955,false,r-27548955,r-27548955
ess-27548956,s-27548956,s-27548956,2000-06-22,s-27548956,r-27548956,AdditionalStreetPrefixName-27548956,AdditionalStreetSuffixName-27548956,548956,CareOfName-27548956,ode-27548956,CityName-27548956,e-27548956,956,County-27548956,r-27548956,8956,District-27548956,8956,FullName-27548956,HomeCityName-27548956,r-27548956,t-27548956,56,x-27548956,POBoxDeviatingCityName-27548956,956,956,true,POBoxLobbyName-27548956,e-27548956,n-27548956,e-27548956,956,956,StreetName-27548956,StreetPrefixName-27548956,StreetSuffixName-27548956,iction-27548956,e-27548956,6,g-27548956,956,ContactRelationshipDepartment-27548956,ContactRelationshipFunction-27548956,e-27548956,r-27548956,l-27548956,true,r-27548956,r-27548956
ess-27548957,s-27548957,s-27548957,2005-06-18,s-27548957,r-27548957,AdditionalStreetPrefixName-27548957,AdditionalStreetSuffixName-27548957,548957,CareOfName-27548957,ode-27548957,CityName-27548957,e-27548957,957,County-27548957,r-27548957,8957,District-27548957,8957,FullName-27548957,HomeCityName-27548957,r-27548957,t-27548957,57,x-27548957,POBoxDeviatingCityName-27548957,957,957,false,POBoxLobbyName-27548957,e-27548957,n-27548957,e-27548957,957,957,StreetName-27548957,StreetPrefixName-27548957,StreetSuffixName-27548957,iction-27548957,e-27548957,7,g-27548957,957,ContactRelationshipDepartment-27548957,ContactRelationshipFunction-27548957,e-27548957,r-27548957,l-27548957,false,r-27548957,r-27548957
ess-27548958,s-27548958,s-27548958,2022-09-16,s-27548958,r-27548958,AdditionalStreetPrefixName-27548958,AdditionalStreetSuffixName-27548958,548958,CareOfName-27548958,ode-27548958,CityName-27548958,e-27548958,958,County-27548958,r-27548958,8958,District-27548958,8958,FullName-27548958,HomeCityName-27548958,r-27548958,t-27548958,58,x-27548958,POBoxDeviatingCityName-27548958,958,958,true,POBoxLobbyName-27548958,e-27548958,n-27548958,e-27548958,958,958,StreetName-27548958,StreetPrefixName-27548958,StreetSuffixName-27548958,iction-27548958,e-27548958,8,g-27548958,958,ContactRelationshipDepartment-27548958,ContactRelationshipFunction-27548958,e-27548958,r-27548958,l-27548958,true,r-27548958,r-27548958
ess-27548959,s-27548959,s-27548959,2017-01-02,s-27548959,r-27548959,AdditionalStreetPrefixName-27548959,AdditionalStreetSuffixName-27548959,548959,CareOfName-27548959,ode-27548959,CityName-27548959,e-27548959,959,County-27548959,r-27548959,8959,District-27548959,8959,FullName-27548959,HomeCityName-27548959,r-27548959,t-27548959,59,x-27548959,POBoxDeviatingCityName-27548959,959,959,false,POBoxLobbyName-27548959,e-27548959,n-27548959,e-27548959,959,959,StreetName-27548959,StreetPrefixName-27548959,StreetSuffixName-27548959,iction-27548959,e-27548959,9,g-27548959,959,ContactRelationshipDepartment-27548959,ContactRelationshipFunction-27548959,e-27548959,r-27548959,l-27548959,false,r-27548959,r-27548959
ess-27548960,s-27548960,s-27548960,2009-08-03,s-27548960,r-27548960,AdditionalStreetPrefixName-27548960,AdditionalStreetSuffixName-27548960,548960,CareOfName-27548960,ode-27548960,CityName-27548960,e-27548960,960,County-27548960,r-27548960,8960,District-27548960,8960,FullName-27548960,HomeCityName-27548960,r-27548960,t-27548960,60,x-27548960,POBoxDeviatingCityName-27548960,960,960,true,POBoxLobbyName-27548960,e-27548960,n-27548960,e-27548960,960,960,StreetName-27548960,StreetPrefixName-27548960,StreetSuffixName-27548960,iction-27548960,e-27548960,0,g-27548960,960,ContactRelationshipDepartment-27548960,ContactRelationshipFunction-27548960,e-27548960,r-27548960,l-27548960,true,r-27548960,r-27548960
ess-27548961,s-27548961,s-27548961,2004-02-18,s-27548961,r-27548961,AdditionalStreetPrefixName-27548961,AdditionalStreetSuffixName-27548961,548961,CareOfName-27548961,ode-27548961,CityName-27548961,e-27548961,961,County-27548961,r-27548961,8961,District-27548961,8961,FullName-27548961,HomeCityName-27548961,r-27548961,t-27548961,61,x-27548961,POBoxDeviatingCityName-27548961,961,961,false,POBoxLobbyName-27548961,e-27548961,n-27548961,e-27548961,961,961,StreetName-27548961,StreetPrefixName-27548961,StreetSuffixName-27548961,iction-27548961,e-27548961,1,g-27548961,961,ContactRelationshipDepartment-27548961,ContactRelationshipFunction-27548961,e-27548961,r-27548961,l-27548961,false,r-27548961,r-27548961
ess-27548962,s-27548962,s-27548962,2015-01-15,s-27548962,r-27548962,AdditionalStreetPrefixName-27548962,AdditionalStreetSuffixName-27548962,548962,CareOfName-27548962,ode-27548962,CityName-27548962,e-27548962,962,County-27548962,r-27548962,8962,District-27548962,8962,FullName-27548962,HomeCityName-27548962,r-27548962,t-27548962,62,x-27548962,POBoxDeviatingCityName-27548962,962,962,true,POBoxLobbyName-27548962,e-27548962,n-27548962,e-27548962,962,962,StreetName-27548962,StreetPrefixName-27548962,StreetSuffixName-27548962,iction-27548962,e-27548962,2,g-27548962,962,ContactRelationshipDepartment-27548962,ContactRelationshipFunction-27548962,e-27548962,r-27548962,l-27548962,true,r-27548962,r-27548962
ess-27548963,s-27548963,s-27548963,2012-01-19,s-27548963,r-27548963,AdditionalStreetPrefixName-27548963,AdditionalStreetSuffixName-27548963,548963,CareOfName-27548963,ode-27548963,CityName-27548963,e-27548963,963,County-27548963,r-27548963,8963,District-27548963,8963,FullName-27548963,HomeCityName-27548963,r-27548963,t-27548963,63,x-27548963,POBoxDeviatingCityName-27548963,963,963,false,POBoxLobbyName-27548963,e-27548963,n-27548963,e-27548963,963,963,StreetName-27548963,StreetPrefixName-27548963,StreetSuffixName-27548963,iction-27548963,e-27548963,3,g-27548963,963,ContactRelationshipDepartment-27548963,ContactRelationshipFunction-27548963,e-27548963,r-27548963,l-27548963,false,r-27548963,r-27548963
ess-27548964,s-27548964,s-27548964,2013-02-28,s-27548964,r-27548964,AdditionalStreetPrefixName-27548964,AdditionalStreetSuffixName-27548964,548964,CareOfName-27548964,ode-27548964,CityName-27548964,e-27548964,964,County-27548964,r-27548964,8964,District-27548964,8964,FullName-27548964,HomeCityName-27548964,r-27548964,t-27548964,64,x-27548964,POBoxDeviatingCityName-27548964,964,964,true,POBoxLobbyName-27548964,e-27548964,n-27548964,e-27548964,964,964,StreetName-27548964,StreetPrefixName-27548964,StreetSuffixName-27548964,iction-27548964,e-27548964,4,g-27548964,964,ContactRelationshipDepartment-27548964,ContactRelationshipFunction-27548964,e-27548964,r-27548964,l-27548964,true,r-27548964,r-27548964
ess-27548965,s-27548965,s-27548965,2018-10-21,s-27548965,r-27548965,AdditionalStreetPrefixName-27548965,AdditionalStreetSuffixName-27548965,548965,CareOfName-27548965,ode-27548965,CityName-27548965,e-27548965,965,County-27548965,r-27548965,8965,District-27548965,8965,FullName-27548965,HomeCityName-27548965,r-27548965,t-27548965,65,x-27548965,POBoxDeviatingCityName-27548965,965,965,false,POBoxLobbyName-27548965,e-27548965,n-27548965,e-27548965,965,965,StreetName-27548965,StreetPrefixName-27548965,StreetSuffixName-27548965,iction-27548965,e-27548965,5,g-27548965,965,ContactRelationshipDepartment-27548965,ContactRelationshipFunction-27548965,e-27548965,r-27548965,l-27548965,false,r-27548965,r-27548965
ess-27548966,s-27548966,s-27548966,2006-08-16,s-27548966,r-27548966,AdditionalStreetPrefixName-27548966,AdditionalStreetSuffixName-27548966,548966,CareOfName-27548966,ode-27548966,CityName-27548966,e-27548966,966,County-27548966,r-27548966,8966,District-27548966,8966,FullName-27548966,HomeCityName-27548966,r-27548966,t-27548966,66,x-27548966,POBoxDeviatingCityName-27548966,966,966,true,POBoxLobbyName-27548966,e-27548966,n-27548966,e-27548966,966,966,StreetName-27548966,StreetPrefixName-27548966,StreetSuffixName-27548966,iction-27548966,e-27548966,6,g-27548966,966,ContactRelationshipDepartment-27548966,ContactRelationshipFunction-27548966,e-27548966,r-27548966,l-27548966,true,r-27548966,r-27548966
ess-27548967,s-27548967,s-27548967,2004-05-13,s-27548967,r-27548967,AdditionalStreetPrefixName-27548967,AdditionalStreetSuffixName-27548967,548967,CareOfName-27548967,ode-27548967,CityName-27548967,e-27548967,967,County-27548967,r-27548967,8967,District-27548967,8967,FullName-27548967,HomeCityName-27548967,r-27548967,t-27548967,67,x-27548967,POBoxDeviatingCityName-27548967,967,967,false,POBoxLobbyName-27548967,e-27548967,n-27548967,e-27548967,967,967,StreetName-27548967,StreetPrefixName-27548967,StreetSuffixName-27548967,iction-27548967,e-27548967,7,g-27548967,967,ContactRelationshipDepartment-27548967,ContactRelationshipFunction-27548967,e-27548967,r-27548967,l-27548967,false,r-27548967,r-27548967
ess-27548968,s-27548968,s-27548968,2022-11-07,s-27548968,r-27548968,AdditionalStreetPrefixName-27548968,AdditionalStreetSuffixName-27548968,548968,CareOfName-27548968,ode-27548968,CityName-27548968,e-27548968,968,County-27548968,r-27548968,8968,District-27548968,8968,FullName-27548968,HomeCityName-27548968,r-27548968,t-27548968,68,x-27548968,POBoxDeviatingCityName-27548968,968,968,true,POBoxLobbyName-27548968,e-27548968,n-27548968,e-27548968,968,968,StreetName-27548968,StreetPrefixName-27548968,StreetSuffixName-27548968,iction-27548968,e-27548968,8,g-27548968,968,ContactRelationshipDepartment-27548968,ContactRelationshipFunction-27548968,e-27548968,r-27548968,l-27548968,true,r-27548968,r-27548968
ess-27548969,s-27548969,s-27548969,2006-11-22,s-27548969,r-27548969,AdditionalStreetPrefixName-27548969,AdditionalStreetSuffixName-27548969,548969,CareOfName-27548969,ode-27548969,CityName-27548969,e-27548969,969,County-27548969,r-27548969,8969,District-27548969,8969,FullName-27548969,HomeCityName-27548969,r-27548969,t-27548969,69,x-27548969,POBoxDeviatingCityName-27548969,969,969,false,POBoxLobbyName-27548969,e-27548969,n-27548969,e-27548969,969,969,StreetName-27548969,StreetPrefixName-27548969,StreetSuffixName-27548969,iction-27548969,e-27548969,9,g-27548969,969,ContactRelationshipDepartment-27548969,ContactRelationshipFunction-27548969,e-27548969,r-27548969,l-27548969,false,r-27548969,r-27548969
ess-27548970,s-27548970,s-27548970,2003-05-12,s-27548970,r-27548970,AdditionalStreetPrefixName-27548970,AdditionalStreetSuffixName-27548970,548970,CareOfName-27548970,ode-27548970,CityName-27548970,e-27548970,970,County-27548970,r-27548970,8970,District-27548970,8970,FullName-27548970,HomeCityName-27548970,r-27548970,t-27548970,70,x-27548970,POBoxDeviatingCityName-27548970,970,970,true,POBoxLobbyName-27548970,e-27548970,n-27548970,e-27548970,970,970,StreetName-27548970,StreetPrefixName-27548970,StreetSuffixName-27548970,iction-27548970,e-27548970,0,g-27548970,970,ContactRelationshipDepartment-27548970,ContactRelationshipFunction-27548970,e-27548970,r-27548970,l-27548970,true,r-27548970,r-27548970
ess-27548971,s-27548971,s-27548971,2018-11-07,s-27548971,r-27548971,AdditionalStreetPrefixName-27548971,AdditionalStreetSuffixName-27548971,548971,CareOfName-27548971,ode-27548971,CityName-27548971,e-27548971,971,County-27548971,r-27548971,8971,District-27548971,8971,FullName-27548971,HomeCityName-27548971,r-27548971,t-27548971,71,x-27548971,POBoxDeviatingCityName-27548971,971,971,false,POBoxLobbyName-27548971,e-27548971,n-27548971,e-27548971,971,971,StreetName-27548971,StreetPrefixName-27548971,StreetSuffixName-27548971,iction-27548971,e-27548971,1,g-27548971,971,ContactRelationshipDepartment-27548971,ContactRelationshipFunction-27548971,e-27548971,r-27548971,l-27548971,false,r-27548971,r-27548971
ess-27548972,s-27548972,s-27548972,2022-04-18,s-27548972,r-27548972,AdditionalStreetPrefixName-27548972,AdditionalStreetSuffixName-27548972,548972,CareOfName-27548972,ode-27548972,CityName-27548972,e-27548972,972,County-27548972,r-27548972,8972,District-27548972,8972,FullName-27548972,HomeCityName-27548972,r-27548972,t-27548972,72,x-27548972,POBoxDeviatingCityName-27548972,972,972,true,POBoxLobbyName-27548972,e-27548972,n-27548972,e-27548972,972,972,StreetName-27548972,StreetPrefixName-27548972,StreetSuffixName-27548972,iction-27548972,e-27548972,2,g-27548972,972,ContactRelationshipDepartment-27548972,ContactRelationshipFunction-27548972,e-27548972,r-27548972,l-27548972,true,r-27548972,r-27548972
ess-27548973,s-27548973,s-27548973,2017-05-10,s-27548973,r-27548973,AdditionalStreetPrefixName-27548973,AdditionalStreetSuffixName-27548973,548973,CareOfName-27548973,ode-27548973,CityName-27548973,e-27548973,973,County-27548973,r-27548973,8973,District-27548973,8973,FullName-27548973,HomeCityName-27548973,r-27548973,t-27548973,73,x-27548973,POBoxDeviatingCityName-27548973,973,973,false,POBoxLobbyName-27548973,e-27548973,n-27548973,e-27548973,973,973,StreetName-27548973,StreetPrefixName-27548973,StreetSuffixName-27548973,iction-27548973,e-27548973,3,g-27548973,973,ContactRelationshipDepartment-27548973,ContactRelationshipFunction-27548973,e-27548973,r-27548973,l-27548973,false,r-27548973,r-27548973
ess-27548974,s-27548974,s-27548974,2016-11-23,s-27548974,r-27548974,AdditionalStreetPrefixName-27548974,AdditionalStreetSuffixName-27548974,548974,CareOfName-27548974,ode-27548974,CityName-27548974,e-27548974,974,County-27548974,r-27548974,8974,District-27548974,8974,FullName-27548974,HomeCityName-27548974,r-27548974,t-27548974,74,x-27548974,POBoxDeviatingCityName-27548974,974,974,true,POBoxLobbyName-27548974,e-27548974,n-27548974,e-27548974,974,974,StreetName-27548974,StreetPrefixName-27548974,StreetSuffixName-27548974,iction-27548974,e-27548974,4,g-27548974,974,ContactRelationshipDepartment-27548974,ContactRelationshipFunction-27548974,e-27548974,r-27548974,l-27548974,true,r-27548974,r-27548974
ess-27548975,s-27548975,s-27548975,2020-02-29,s-27548975,r-27548975,AdditionalStreetPrefixName-27548975,AdditionalStreetSuffixName-27548975,548975,CareOfName-27548975,ode-27548975,CityName-27548975,e-27548975,975,County-27548975,r-27548975,8975,District-27548975,8975,FullName-27548975,HomeCityName-27548975,r-27548975,t-27548975,75,x-27548975,POBoxDeviatingCityName-27548975,975,975,false,POBoxLobbyName-27548975,e-27548975,n-27548975,e-27548975,975,975,StreetName-27548975,StreetPrefixName-27548975,StreetSuffixName-27548975,iction-27548975,e-27548975,5,g-27548975,975,ContactRelationshipDepartment-27548975,ContactRelationshipFunction-27548975,e-27548975,r-27548975,l-27548975,false,r-27548975,r-27548975
ess-27548976,s-27548976,s-27548976,2014-12-03,s-27548976,r-27548976,AdditionalStreetPrefixName-27548976,AdditionalStreetSuffixName-27548976,548976,CareOfName-27548976,ode-27548976,CityName-27548976,e-27548976,976,County-27548976,r-27548976,8976,District-27548976,8976,FullName-27548976,HomeCityName-27548976,r-27548976,t-27548976,76,x-27548976,POBoxDeviatingCityName-27548976,976,976,true,POBoxLobbyName-27548976,e-27548976,n-27548976,e-27548976,976,976,StreetName-27548976,StreetPrefixName-27548976,StreetSuffixName-27548976,iction-27548976,e-27548976,6,g-27548976,976,ContactRelationshipDepartment-27548976,ContactRelationshipFunction-27548976,e-27548976,r-27548976,l-27548976,true,r-27548976,r-27548976
ess-27548977,s-27548977,s-27548977,2022-12-08,s-27548977,r-27548977,AdditionalStreetPrefixName-27548977,AdditionalStreetSuffixName-27548977,548977,CareOfName-27548977,ode-27548977,CityName-27548977,e-27548977,977,County-27548977,r-27548977,8977,District-27548977,8977,FullName-27548977,HomeCityName-27548977,r-27548977,t-27548977,77,x-27548977,POBoxDeviatingCityName-27548977,977,977,false,POBoxLobbyName-27548977,e-27548977,n-27548977,e-27548977,977,977,StreetName-27548977,StreetPrefixName-27548977,StreetSuffixName-27548977,iction-27548977,e-27548977,7,g-27548977,977,ContactRelationshipDepartment-27548977,ContactRelationshipFunction-27548977,e-27548977,r-27548977,l-27548977,false,r-27548977,r-27548977
ess-27548978,s-27548978,s-27548978,2000-08-14,s-27548978,r-27548978,AdditionalStreetPrefixName-27548978,AdditionalStreetSuffixName-27548978,548978,CareOfName-27548978,ode-27548978,CityName-27548978,e-27548978,978,County-27548978,r-27548978,8978,District-27548978,8978,FullName-27548978,HomeCityName-27548978,r-27548978,t-27548978,78,x-27548978,POBoxDeviatingCityName-27548978,978,978,true,POBoxLobbyName-27548978,e-27548978,n-27548978,e-27548978,978,978,StreetName-27548978,StreetPrefixName-27548978,StreetSuffixName-27548978,iction-27548978,e-27548978,8,g-27548978,978,ContactRelationshipDepartment-27548978,ContactRelationshipFunction-27548978,e-27548978,r-27548978,l-27548978,true,r-27548978,r-27548978
ess-27548979,s-27548979,s-27548979,2009-11-18,s-27548979,r-27548979,AdditionalStreetPrefixName-27548979,AdditionalStreetSuffixName-27548979,548979,CareOfName-27548979,ode-27548979,CityName-27548979,e-27548979,979,County-27548979,r-27548979,8979,District-27548979,8979,FullName-27548979,HomeCityName-27548979,r-27548979,t-27548979,79,x-27548979,POBoxDeviatingCityName-27548979,979,979,false,POBoxLobbyName-27548979,e-27548979,n-27548979,e-27548979,979,979,StreetName-27548979,StreetPrefixName-27548979,StreetSuffixName-27548979,iction-27548979,e-27548979,9,g-27548979,979,ContactRelationshipDepartment-27548979,ContactRelationshipFunction-27548979,e-27548979,r-27548979,l-27548979,false,r-27548979,r-27548979
ess-27548980,s-27548980,s-27548980,2013-11-27,s-27548980,r-27548980,AdditionalStreetPrefixName-27548980,AdditionalStreetSuffixName-27548980,548980,CareOfName-27548980,ode-27548980,CityName-27548980,e-27548980,980,County-27548980,r-27548980,8980,District-27548980,8980,FullName-27548980,HomeCityName-27548980,r-27548980,t-27548980,80,x-27548980,POBoxDeviatingCityName-27548980,980,980,true,POBoxLobbyName-27548980,e-27548980,n-27548980,e-27548980,980,980,StreetName-27548980,StreetPrefixName-27548980,StreetSuffixName-27548980,iction-27548980,e-27548980,0,g-27548980,980,ContactRelationshipDepartment-27548980,ContactRelationshipFunction-27548980,e-27548980,r-27548980,l-27548980,true,r-27548980,r-27548980
ess-27548981,s-27548981,s-27548981,2015-09-11,s-27548981,r-27548981,AdditionalStreetPrefixName-27548981,AdditionalStreetSuffixName-27548981,548981,CareOfName-27548981,ode-27548981,CityName-27548981,e-27548981,981,County-27548981,r-27548981,8981,District-27548981,8981,FullName-27548981,HomeCityName-27548981,r-27548981,t-27548981,81,x-27548981,POBoxDeviatingCityName-27548981,981,981,false,POBoxLobbyName-27548981,e-27548981,n-27548981,e-27548981,981,981,StreetName-27548981,StreetPrefixName-27548981,StreetSuffixName-27548981,iction-27548981,e-27548981,1,g-27548981,981,ContactRelationshipDepartment-27548981,ContactRelationshipFunction-27548981,e-27548981,r-27548981,l-27548981,false,r-27548981,r-27548981
ess-27548982,s-27548982,s-27548982,2015-10-21,s-27548982,r-27548982,AdditionalStreetPrefixName-27548982,AdditionalStreetSuffixName-27548982,548982,CareOfName-27548982,ode-27548982,CityName-27548982,e-27548982,982,County-27548982,r-27548982,8982,District-27548982,8982,FullName-27548982,HomeCityName-27548982,r-27548982,t-27548982,82,x-27548982,POBoxDeviatingCityName-27548982,982,982,true,POBoxLobbyName-27548982,e-27548982,n-27548982,e-27548982,982,982,StreetName-27548982,StreetPrefixName-27548982,StreetSuffixName-27548982,iction-27548982,e-27548982,2,g-27548982,982,ContactRelationshipDepartment-27548982,ContactRelationshipFunction-27548982,e-27548982,r-27548982,l-27548982,true,r-27548982,r-27548982
ess-27548983,s-27548983,s-27548983,2017-01-14,s-27548983,r-27548983,AdditionalStreetPrefixName-27548983,AdditionalStreetSuffixName-27548983,548983,CareOfName-27548983,ode-27548983,CityName-27548983,e-27548983,983,County-27548983,r-27548983,8983,District-27548983,8983,FullName-27548983,HomeCityName-27548983,r-27548983,t-27548983,83,x-27548983,POBoxDeviatingCityName-27548983,983,983,false,POBoxLobbyName-27548983,e-27548983,n-27548983,e-27548983,983,983,StreetName-27548983,StreetPrefixName-27548983,StreetSuffixName-27548983,iction-27548983,e-27548983,3,g-27548983,983,ContactRelationshipDepartment-27548983,ContactRelationshipFunction-27548983,e-27548983,r-27548983,l-27548983,false,r-27548983,r-27548983
ess-27548984,s-27548984,s-27548984,2007-01-27,s-27548984,r-27548984,AdditionalStreetPrefixName-27548984,AdditionalStreetSuffixName-27548984,548984,CareOfName-27548984,ode-27548984,CityName-27548984,e-27548984,984,County-27548984,r-27548984,8984,District-27548984,8984,FullName-27548984,HomeCityName-27548984,r-27548984,t-27548984,84,x-27548984,POBoxDeviatingCityName-27548984,984,984,true,POBoxLobbyName-27548984,e-27548984,n-27548984,e-27548984,984,984,StreetName-27548984,StreetPrefixName-27548984,StreetSuffixName-27548984,iction-27548984,e-27548984,4,g-27548984,984,ContactRelationshipDepartment-27548984,ContactRelationshipFunction-27548984,e-27548984,r-27548984,l-27548984,true,r-27548984,r-27548984
ess-27548985,s-27548985,s-27548985,2002-06-13,s-27548985,r-27548985,AdditionalStreetPrefixName-27548985,AdditionalStreetSuffixName-27548985,548985,CareOfName-27548985,ode-27548985,CityName-27548985,e-27548985,985,County-27548985,r-27548985,8985,District-27548985,8985,FullName-27548985,HomeCityName-27548985,r-27548985,t-27548985,85,x-27548985,POBoxDeviatingCityName-27548985,985,985,false,POBoxLobbyName-27548985,e-27548985,n-27548985,e-27548985,985,985,StreetName-27548985,StreetPrefixName-27548985,StreetSuffixName-27548985,iction-27548985,e-27548985,5,g-27548985,985,ContactRelationshipDepartment-27548985,ContactRelationshipFunction-27548985,e-27548985,r-27548985,l-27548985,false,r-27548985,r-27548985
ess-27548986,s-27548986,s-27548986,2004-07-07,s-27548986,r-27548986,AdditionalStreetPrefixName-27548986,AdditionalStreetSuffixName-27548986,548986,CareOfName-27548986,ode-27548986,CityName-27548986,e-27548986,986,County-27548986,r-27548986,8986,District-27548986,8986,FullName-27548986,HomeCityName-27548986,r-27548986,t-27548986,86,x-27548986,POBoxDeviatingCityName-27548986,986,986,true,POBoxLobbyName-27548986,e-27548986,n-27548986,e-27548986,986,986,StreetName-27548986,StreetPrefixName-27548986,StreetSuffixName-27548986,iction-27548986,e-27548986,6,g-27548986,986,ContactRelationshipDepartment-27548986,ContactRelationshipFunction-27548986,e-27548986,r-27548986,l-27548986,true,r-27548986,r-27548986
ess-27548987,s-27548987,s-27548987,2001-01-08,s-27548987,r-27548987,AdditionalStreetPrefixName-27548987,AdditionalStreetSuffixName-27548987,548987,CareOfName-27548987,ode-27548987,CityName-27548987,e-27548987,987,County-27548987,r-27548987,8987,District-27548987,8987,FullName-27548987,HomeCityName-27548987,r-27548987,t-27548987,87,x-27548987,POBoxDeviatingCityName-27548987,987,987,false,POBoxLobbyName-27548987,e-27548987,n-27548987,e-27548987,987,987,StreetName-27548987,StreetPrefixName-27548987,StreetSuffixName-27548987,iction-27548987,e-27548987,7,g-27548987,987,ContactRelationshipDepartment-27548987,ContactRelationshipFunction-27548987,e-27548987,r-27548987,l-27548987,false,r-27548987,r-27548987
ess-27548988,s-27548988,s-27548988,2021-07-20,s-27548988,r-27548988,AdditionalStreetPrefixName-27548988,AdditionalStreetSuffixName-27548988,548988,CareOfName-27548988,ode-27548988,CityName-27548988,e-27548988,988,County-27548988,r-27548988,8988,District-27548988,8988,FullName-27548988,HomeCityName-27548988,r-27548988,t-27548988,88,x-27548988,POBoxDeviatingCityName-27548988,988,988,true,POBoxLobbyName-27548988,e-27548988,n-27548988,e-27548988,988,988,StreetName-27548988,StreetPrefixName-27548988,StreetSuffixName-27548988,iction-27548988,e-27548988,8,g-27548988,988,ContactRelationshipDepartment-27548988,ContactRelationshipFunction-27548988,e-27548988,r-27548988,l-27548988,true,r-27548988,r-27548988
ess-27548989,s-27548989,s-27548989,2006-12-31,s-27548989,r-27548989,AdditionalStreetPrefixName-27548989,AdditionalStreetSuffixName-27548989,548989,CareOfName-27548989,ode-27548989,CityName-27548989,e-27548989,989,County-27548989,r-27548989,8989,District-27548989,8989,FullName-27548989,HomeCityName-27548989,r-27548989,t-27548989,89,x-27548989,POBoxDeviatingCityName-27548989,989,989,false,POBoxLobbyName-27548989,e-27548989,n-27548989,e-27548989,989,989,StreetName-27548989,StreetPrefixName-27548989,StreetSuffixName-27548989,iction-27548989,e-27548989,9,g-27548989,989,ContactRelationshipDepartment-27548989,ContactRelationshipFunction-27548989,e-27548989,r-27548989,l-27548989,false,r-27548989,r-27548989
ess-27548990,s-27548990,s-27548990,2021-03-22,s-27548990,r-27548990,AdditionalStreetPrefixName-27548990,AdditionalStreetSuffixName-27548990,548990,CareOfName-27548990,ode-27548990,CityName-27548990,e-27548990,990,County-27548990,r-27548990,8990,District-27548990,8990,FullName-27548990,HomeCityName-27548990,r-27548990,t-27548990,90,x-27548990,POBoxDeviatingCityName-27548990,990,990,true,POBoxLobbyName-27548990,e-27548990,n-27548990,e-27548990,990,990,StreetName-27548990,StreetPrefixName-27548990,StreetSuffixName-27548990,iction-27548990,e-27548990,0,g-27548990,990,ContactRelationshipDepartment-27548990,ContactRelationshipFunction-27548990,e-27548990,r-27548990,l-27548990,true,r-27548990,r-27548990
ess-27548991,s-27548991,s-27548991,2019-08-30,s-27548991,r-27548991,AdditionalStreetPrefixName-27548991,AdditionalStreetSuffixName-27548991,548991,CareOfName-27548991,ode-27548991,CityName-27548991,e-27548991,991,County-27548991,r-27548991,8991,District-27548991,8991,FullName-27548991,HomeCityName-27548991,r-27548991,t-27548991,91,x-27548991,POBoxDeviatingCityName-27548991,991,991,false,POBoxLobbyName-27548991,e-27548991,n-27548991,e-27548991,991,991,StreetName-27548991,StreetPrefixName-27548991,StreetSuffixName-27548991,iction-27548991,e-27548991,1,g-27548991,991,ContactRelationshipDepartment-27548991,ContactRelationshipFunction-27548991,e-27548991,r-27548991,l-27548991,false,r-27548991,r-27548991
ess-27548992,s-27548992,s-27548992,2006-10-11,s-27548992,r-27548992,AdditionalStreetPrefixName-27548992,AdditionalStreetSuffixName-27548992,548992,CareOfName-27548992,ode-27548992,CityName-27548992,e-27548992,992,County-27548992,r-27548992,8992,District-27548992,8992,FullName-27548992,HomeCityName-27548992,r-27548992,t-27548992,92,x-27548992,POBoxDeviatingCityName-27548992,992,992,true,POBoxLobbyName-27548992,e-27548992,n-27548992,e-27548992,992,992,StreetName-27548992,StreetPrefixName-27548992,StreetSuffixName-27548992,iction-27548992,e-27548992,2,g-27548992,992,ContactRelationshipDepartment-27548992,ContactRelationshipFunction-27548992,e-27548992,r-27548992,l-27548992,true,r-27548992,r-27548992
ess-27548993,s-27548993,s-27548993,2002-05-12,s-27548993,r-27548993,AdditionalStreetPrefixName-27548993,AdditionalStreetSuffixName-27548993,548993,CareOfName-27548993,ode-27548993,CityName-27548993,e-27548993,993,County-27548993,r-27548993,8993,District-27548993,8993,FullName-27548993,HomeCityName-27548993,r-27548993,t-27548993,93,x-27548993,POBoxDeviatingCityName-27548993,993,993,false,POBoxLobbyName-27548993,e-27548993,n-27548993,e-27548993,993,993,StreetName-27548993,StreetPrefixName-27548993,StreetSuffixName-27548993,iction-27548993,e-27548993,3,g-27548993,993,ContactRelationshipDepartment-27548993,ContactRelationshipFunction-27548993,e-27548993,r-27548993,l-27548993,false,r-27548993,r-27548993
ess-27548994,s-27548994,s-27548994,2014-04-17,s-27548994,r-27548994,AdditionalStreetPrefixName-27548994,AdditionalStreetSuffixName-27548994,548994,CareOfName-27548994,ode-27548994,CityName-27548994,e-27548994,994,County-27548994,r-27548994,8994,District-27548994,8994,FullName-27548994,HomeCityName-27548994,r-27548994,t-27548994,94,x-27548994,POBoxDeviatingCityName-27548994,994,994,true,POBoxLobbyName-27548994,e-27548994,n-27548994,e-27548994,994,994,StreetName-27548994,StreetPrefixName-27548994,StreetSuffixName-27548994,iction-27548994,e-27548994,4,g-27548994,994,ContactRelationshipDepartment-27548994,ContactRelationshipFunction-27548994,e-27548994,r-27548994,l-27548994,true,r-27548994,r-27548994
ess-27548995,s-27548995,s-27548995,2004-11-12,s-27548995,r-27548995,AdditionalStreetPrefixName-27548995,AdditionalStreetSuffixName-27548995,548995,CareOfName-27548995,ode-27548995,CityName-27548995,e-27548995,995,County-27548995,r-27548995,8995,District-27548995,8995,FullName-27548995,HomeCityName-27548995,r-27548995,t-27548995,95,x-27548995,POBoxDeviatingCityName-27548995,995,995,false,POBoxLobbyName-27548995,e-27548995,n-27548995,e-27548995,995,995,StreetName-27548995,StreetPrefixName-27548995,StreetSuffixName-27548995,iction-27548995,e-27548995,5,g-27548995,995,ContactRelationshipDepartment-27548995,ContactRelationshipFunction-27548995,e-27548995,r-27548995,l-27548995,false,r-27548995,r-27548995
ess-27548996,s-27548996,s-27548996,2021-07-20,s-27548996,r-27548996,AdditionalStreetPrefixName-27548996,AdditionalStreetSuffixName-27548996,548996,CareOfName-27548996,ode-27548996,CityName-27548996,e-27548996,996,County-27548996,r-27548996,8996,District-27548996,8996,FullName-27548996,HomeCityName-27548996,r-27548996,t-27548996,96,x-27548996,POBoxDeviatingCityName-27548996,996,996,true,POBoxLobbyName-27548996,e-27548996,n-27548996,e-27548996,996,996,StreetName-27548996,StreetPrefixName-27548996,StreetSuffixName-27548996,iction-27548996,e-27548996,6,g-27548996,996,ContactRelationshipDepartment-27548996,ContactRelationshipFunction-27548996,e-27548996,r-27548996,l-27548996,true,r-27548996,r-27548996
ess-27548997,s-27548997,s-27548997,2010-03-09,s-27548997,r-27548997,AdditionalStreetPrefixName-27548997,AdditionalStreetSuffixName-27548997,548997,CareOfName-27548997,ode-27548997,CityName-27548997,e-27548997,997,County-27548997,r-27548997,8997,District-27548997,8997,FullName-27548997,HomeCityName-27548997,r-27548997,t-27548997,97,x-27548997,POBoxDeviatingCityName-27548997,997,997,false,POBoxLobbyName-27548997,e-27548997,n-27548997,e-27548997,997,997,StreetName-27548997,StreetPrefixName-27548997,StreetSuffixName-27548997,iction-27548997,e-27548997,7,g-27548997,997,ContactRelationshipDepartment-27548997,ContactRelationshipFunction-27548997,e-27548997,r-27548997,l-27548997,false,r-27548997,r-27548997
ess-27548998,s-27548998,s-27548998,2010-05-12,s-27548998,r-27548998,AdditionalStreetPrefixName-27548998,AdditionalStreetSuffixName-27548998,548998,CareOfName-27548998,ode-27548998,CityName-27548998,e-27548998,998,County-27548998,r-27548998,8998,District-27548998,8998,FullName-27548998,HomeCityName-27548998,r-27548998,t-27548998,98,x-27548998,POBoxDeviatingCityName-27548998,998,998,true,POBoxLobbyName-27548998,e-27548998,n-27548998,e-27548998,998,998,StreetName-27548998,StreetPrefixName-27548998,StreetSuffixName-27548998,iction-27548998,e-27548998,8,g-27548998,998,ContactRelationshipDepartment-27548998,ContactRelationshipFunction-27548998,e-27548998,r-27548998,l-27548998,true,r-27548998,r-27548998
ess-27548999,s-27548999,s-27548999,2022-03-07,s-27548999,r-27548999,AdditionalStreetPrefixName-27548999,AdditionalStreetSuffixName-27548999,548999,CareOfName-27548999,ode-27548999,CityName-27548999,e-27548999,999,County-27548999,r-27548999,8999,District-27548999,8999,FullName-27548999,HomeCityName-27548999,r-27548999,t-27548999,99,x-27548999,POBoxDeviatingCityName-27548999,999,999,false,POBoxLobbyName-27548999,e-27548999,n-27548999,e-27548999,999,999,StreetName-27548999,StreetPrefixName-27548999,StreetSuffixName-27548999,iction-27548999,e-27548999,9,g-27548999,999,ContactRelationshipDepartment-27548999,ContactRelationshipFunction-27548999,e-27548999,r-27548999,l-27548999,false,r-27548999,r-27548999
ess-27549000,s-27549000,s-27549000,2021-02-26,s-27549000,r-27549000,AdditionalStreetPrefixName-27549000,AdditionalStreetSuffixName-27549000,549000,CareOfName-27549000,ode-27549000,CityName-27549000,e-27549000,000,County-27549000,r-27549000,9000,District-27549000,9000,FullName-27549000,HomeCityName-27549000,r-27549000,t-27549000,00,x-27549000,POBoxDeviatingCityName-27549000,000,000,true,POBoxLobbyName-27549000,e-27549000,n-27549000,e-27549000,000,000,StreetName-27549000,StreetPrefixName-27549000,StreetSuffixName-27549000,iction-27549000,e-27549000,0,g-27549000,000,ContactRelationshipDepartment-27549000,ContactRelationshipFunction-27549000,e-27549000,r-27549000,l-27549000,true,r-27549000,r-27549000
ess-27549001,s-27549001,s-27549001,2010-04-20,s-27549001,r-27549001,AdditionalStreetPrefixName-27549001,AdditionalStreetSuffixName-27549001,549001,CareOfName-27549001,ode-27549001,CityName-27549001,e-27549001,001,County-27549001,r-27549001,9001,District-27549001,9001,FullName-27549001,HomeCityName-27549001,r-27549001,t-27549001,01,x-27549001,POBoxDeviatingCityName-27549001,001,001,false,POBoxLobbyName-27549001,e-27549001,n-27549001,e-27549001,001,001,StreetName-27549001,StreetPrefixName-27549001,StreetSuffixName-27549001,iction-27549001,e-27549001,1,g-27549001,001,ContactRelationshipDepartment-27549001,ContactRelationshipFunction-27549001,e-27549001,r-27549001,l-27549001,false,r-27549001,r-27549001
ess-27549002,s-27549002,s-27549002,2008-08-19,s-27549002,r-27549002,AdditionalStreetPrefixName-27549002,AdditionalStreetSuffixName-27549002,549002,CareOfName-27549002,ode-27549002,CityName-27549002,e-27549002,002,County-27549002,r-27549002,9002,District-27549002,9002,FullName-27549002,HomeCityName-27549002,r-27549002,t-27549002,02,x-27549002,POBoxDeviatingCityName-27549002,002,002,true,POBoxLobbyName-27549002,e-27549002,n-27549002,e-27549002,002,002,StreetName-27549002,StreetPrefixName-27549002,StreetSuffixName-27549002,iction-27549002,e-27549002,2,g-27549002,002,ContactRelationshipDepartment-27549002,ContactRelationshipFunction-27549002,e-27549002,r-27549002,l-27549002,true,r-27549002,r-27549002
ess-27549003,s-27549003,s-27549003,2007-03-28,s-27549003,r-27549003,AdditionalStreetPrefixName-27549003,AdditionalStreetSuffixName-27549003,549003,CareOfName-27549003,ode-27549003,CityName-27549003,e-27549003,003,County-27549003,r-27549003,9003,District-27549003,9003,FullName-27549003,HomeCityName-27549003,r-27549003,t-27549003,03,x-27549003,POBoxDeviatingCityName-27549003,003,003,false,POBoxLobbyName-27549003,e-27549003,n-27549003,e-27549003,003,003,StreetName-27549003,StreetPrefixName-27549003,StreetSuffixName-27549003,iction-27549003,e-27549003,3,g-27549003,003,ContactRelationshipDepartment-27549003,ContactRelationshipFunction-27549003,e-27549003,r-27549003,l-27549003,false,r-27549003,r-27549003
ess-27549004,s-27549004,s-27549004,2023-10-18,s-27549004,r-27549004,AdditionalStreetPrefixName-27549004,AdditionalStreetSuffixName-27549004,549004,CareOfName-27549004,ode-27549004,CityName-27549004,e-27549004,004,County-27549004,r-27549004,9004,District-27549004,9004,FullName-27549004,HomeCityName-27549004,r-27549004,t-27549004,04,x-27549004,POBoxDeviatingCityName-27549004,004,004,true,POBoxLobbyName-27549004,e-27549004,n-27549004,e-27549004,004,004,StreetName-27549004,StreetPrefixName-27549004,StreetSuffixName-27549004,iction-27549004,e-27549004,4,g-27549004,004,ContactRelationshipDepartment-27549004,ContactRelationshipFunction-27549004,e-27549004,r-27549004,l-27549004,true,r-27549004,r-27549004
ess-27549005,s-27549005,s-27549005,2003-09-28,s-27549005,r-27549005,AdditionalStreetPrefixName-27549005,AdditionalStreetSuffixName-27549005,549005,CareOfName-27549005,ode-27549005,CityName-27549005,e-27549005,005,County-27549005,r-27549005,9005,District-27549005,9005,FullName-27549005,HomeCityName-27549005,r-27549005,t-27549005,05,x-27549005,POBoxDeviatingCityName-27549005,005,005,false,POBoxLobbyName-27549005,e-27549005,n-27549005,e-27549005,005,005,StreetName-27549005,StreetPrefixName-27549005,StreetSuffixName-27549005,iction-27549005,e-27549005,5,g-27549005,005,ContactRelationshipDepartment-27549005,ContactRelationshipFunction-27549005,e-27549005,r-27549005,l-27549005,false,r-27549005,r-27549005
ess-27549006,s-27549006,s-27549006,2013-11-18,s-27549006,r-27549006,AdditionalStreetPrefixName-27549006,AdditionalStreetSuffixName-27549006,549006,CareOfName-27549006,ode-27549006,CityName-27549006,e-27549006,006,County-27549006,r-27549006,9006,District-27549006,9006,FullName-27549006,HomeCityName-27549006,r-27549006,t-27549006,06,x-27549006,POBoxDeviatingCityName-27549006,006,006,true,POBoxLobbyName-27549006,e-27549006,n-27549006,e-27549006,006,006,StreetName-27549006,StreetPrefixName-27549006,StreetSuffixName-27549006,iction-27549006,e-27549006,6,g-27549006,006,ContactRelationshipDepartment-27549006,ContactRelationshipFunction-27549006,e-27549006,r-27549006,l-27549006,true,r-27549006,r-27549006
ess-27549007,s-27549007,s-27549007,2000-12-08,s-27549007,r-27549007,AdditionalStreetPrefixName-27549007,AdditionalStreetSuffixName-27549007,549007,CareOfName-27549007,ode-27549007,CityName-27549007,e-27549007,007,County-27549007,r-27549007,9007,District-27549007,9007,FullName-27549007,HomeCityName-27549007,r-27549007,t-27549007,07,x-27549007,POBoxDeviatingCityName-27549007,007,007,false,POBoxLobbyName-27549007,e-27549007,n-27549007,e-27549007,007,007,StreetName-27549007,StreetPrefixName-27549007,StreetSuffixName-27549007,iction-27549007,e-27549007,7,g-27549007,007,ContactRelationshipDepartment-27549007,ContactRelationshipFunction-27549007,e-27549007,r-27549007,l-27549007,false,r-27549007,r-27549007
ess-27549008,s-27549008,s-27549008,2021-01-09,s-27549008,r-27549008,AdditionalStreetPrefixName-27549008,AdditionalStreetSuffixName-27549008,549008,CareOfName-27549008,ode-27549008,CityName-27549008,e-27549008,008,County-27549008,r-27549008,9008,District-27549008,9008,FullName-27549008,HomeCityName-27549008,r-27549008,t-27549008,08,x-27549008,POBoxDeviatingCityName-27549008,008,008,true,POBoxLobbyName-27549008,e-27549008,n-27549008,e-27549008,008,008,StreetName-27549008,StreetPrefixName-27549008,StreetSuffixName-27549008,iction-27549008,e-27549008,8,g-27549008,008,ContactRelationshipDepartment-27549008,ContactRelationshipFunction-27549008,e-27549008,r-27549008,l-27549008,true,r-27549008,r-27549008
ess-27549009,s-27549009,s-27549009,2021-12-02,s-27549009,r-27549009,AdditionalStreetPrefixName-27549009,AdditionalStreetSuffixName-27549009,549009,CareOfName-27549009,ode-27549009,CityName-27549009,e-27549009,009,County-27549009,r-27549009,9009,District-27549009,9009,FullName-27549009,HomeCityName-27549009,r-27549009,t-27549009,09,x-27549009,POBoxDeviatingCityName-27549009,009,009,false,POBoxLobbyName-27549009,e-27549009,n-27549009,e-27549009,009,009,StreetName-27549009,StreetPrefixName-27549009,StreetSuffixName-27549009,iction-27549009,e-27549009,9,g-27549009,009,ContactRelationshipDepartment-27549009,ContactRelationshipFunction-27549009,e-27549009,r-27549009,l-27549009,false,r-27549009,r-27549009
ess-27549010,s-27549010,s-27549010,2015-12-01,s-27549010,r-27549010,AdditionalStreetPrefixName-27549010,AdditionalStreetSuffixName-27549010,549010,CareOfName-27549010,ode-27549010,CityName-27549010,e-27549010,010,County-27549010,r-27549010,9010,District-27549010,9010,FullName-27549010,HomeCityName-27549010,r-27549010,t-27549010,10,x-27549010,POBoxDeviatingCityName-27549010,010,010,true,POBoxLobbyName-27549010,e-27549010,n-27549010,e-27549010,010,010,StreetName-27549010,StreetPrefixName-27549010,StreetSuffixName-27549010,iction-27549010,e-27549010,0,g-27549010,010,ContactRelationshipDepartment-27549010,ContactRelationshipFunction-27549010,e-27549010,r-27549010,l-27549010,true,r-27549010,r-27549010
ess-27549011,s-27549011,s-27549011,2011-11-16,s-27549011,r-27549011,AdditionalStreetPrefixName-27549011,AdditionalStreetSuffixName-27549011,549011,CareOfName-27549011,ode-27549011,CityName-27549011,e-27549011,011,County-27549011,r-27549011,9011,District-27549011,9011,FullName-27549011,HomeCityName-27549011,r-27549011,t-27549011,11,x-27549011,POBoxDeviatingCityName-27549011,011,011,false,POBoxLobbyName-27549011,e-27549011,n-27549011,e-27549011,011,011,StreetName-27549011,StreetPrefixName-27549011,StreetSuffixName-27549011,iction-27549011,e-27549011,1,g-27549011,011,ContactRelationshipDepartment-27549011,ContactRelationshipFunction-27549011,e-27549011,r-27549011,l-27549011,false,r-27549011,r-27549011
ess-27549012,s-27549012,s-27549012,2010-08-10,s-27549012,r-27549012,AdditionalStreetPrefixName-27549012,AdditionalStreetSuffixName-27549012,549012,CareOfName-27549012,ode-27549012,CityName-27549012,e-27549012,012,County-27549012,r-27549012,9012,District-27549012,9012,FullName-27549012,HomeCityName-27549012,r-27549012,t-27549012,12,x-27549012,POBoxDeviatingCityName-27549012,012,012,true,POBoxLobbyName-27549012,e-27549012,n-27549012,e-27549012,012,012,StreetName-27549012,StreetPrefixName-27549012,StreetSuffixName-27549012,iction-27549012,e-27549012,2,g-27549012,012,ContactRelationshipDepartment-27549012,ContactRelationshipFunction-27549012,e-27549012,r-27549012,l-27549012,true,r-27549012,r-27549012
ess-27549013,s-27549013,s-27549013,2011-08-11,s-27549013,r-27549013,AdditionalStreetPrefixName-27549013,AdditionalStreetSuffixName-27549013,549013,CareOfName-27549013,ode-27549013,CityName-27549013,e-27549013,013,County-27549013,r-27549013,9013,District-27549013,9013,FullName-27549013,HomeCityName-27549013,r-27549013,t-27549013,13,x-27549013,POBoxDeviatingCityName-27549013,013,013,false,POBoxLobbyName-27549013,e-27549013,n-27549013,e-27549013,013,013,StreetName-27549013,StreetPrefixName-27549013,StreetSuffixName-27549013,iction-27549013,e-27549013,3,g-27549013,013,ContactRelationshipDepartment-27549013,ContactRelationshipFunction-27549013,e-27549013,r-27549013,l-27549013,false,r-27549013,r-27549013
ess-27549014,s-27549014,s-27549014,2004-03-28,s-27549014,r-27549014,AdditionalStreetPrefixName-27549014,AdditionalStreetSuffixName-27549014,549014,CareOfName-27549014,ode-27549014,CityName-27549014,e-27549014,014,County-27549014,r-27549014,9014,District-27549014,9014,FullName-27549014,HomeCityName-27549014,r-27549014,t-27549014,14,x-27549014,POBoxDeviatingCityName-27549014,014,014,true,POBoxLobbyName-27549014,e-27549014,n-27549014,e-27549014,014,014,StreetName-27549014,StreetPrefixName-27549014,StreetSuffixName-27549014,iction-27549014,e-27549014,4,g-27549014,014,ContactRelationshipDepartment-27549014,ContactRelationshipFunction-27549014,e-27549014,r-27549014,l-27549014,true,r-27549014,r-27549014
ess-27549015,s-27549015,s-27549015,2005-01-01,s-27549015,r-27549015,AdditionalStreetPrefixName-27549015,AdditionalStreetSuffixName-27549015,549015,CareOfName-27549015,ode-27549015,CityName-27549015,e-27549015,015,County-27549015,r-27549015,9015,District-27549015,9015,FullName-27549015,HomeCityName-27549015,r-27549015,t-27549015,15,x-27549015,POBoxDeviatingCityName-27549015,015,015,false,POBoxLobbyName-27549015,e-27549015,n-27549015,e-27549015,015,015,StreetName-27549015,StreetPrefixName-27549015,StreetSuffixName-27549015,iction-27549015,e-27549015,5,g-27549015,015,ContactRelationshipDepartment-27549015,ContactRelationshipFunction-27549015,e-27549015,r-27549015,l-27549015,false,r-27549015,r-27549015
ess-27549016,s-27549016,s-27549016,2003-11-26,s-27549016,r-27549016,AdditionalStreetPrefixName-27549016,AdditionalStreetSuffixName-27549016,549016,CareOfName-27549016,ode-27549016,CityName-27549016,e-27549016,016,County-27549016,r-27549016,9016,District-27549016,9016,FullName-27549016,HomeCityName-27549016,r-27549016,t-27549016,16,x-27549016,POBoxDeviatingCityName-27549016,016,016,true,POBoxLobbyName-27549016,e-27549016,n-27549016,e-27549016,016,016,StreetName-27549016,StreetPrefixName-27549016,StreetSuffixName-27549016,iction-27549016,e-27549016,6,g-27549016,016,ContactRelationshipDepartment-27549016,ContactRelationshipFunction-27549016,e-27549016,r-27549016,l-27549016,true,r-27549016,r-27549016
ess-27549017,s-27549017,s-27549017,2001-08-11,s-27549017,r-27549017,AdditionalStreetPrefixName-27549017,AdditionalStreetSuffixName-27549017,549017,CareOfName-27549017,ode-27549017,CityName-27549017,e-27549017,017,County-27549017,r-27549017,9017,District-27549017,9017,FullName-27549017,HomeCityName-27549017,r-27549017,t-27549017,17,x-27549017,POBoxDeviatingCityName-27549017,017,017,false,POBoxLobbyName-27549017,e-27549017,n-27549017,e-27549017,017,017,StreetName-27549017,StreetPrefixName-27549017,StreetSuffixName-27549017,iction-27549017,e-27549017,7,g-27549017,017,ContactRelationshipDepartment-27549017,ContactRelationshipFunction-27549017,e-27549017,r-27549017,l-27549017,false,r-27549017,r-27549017
ess-27549018,s-27549018,s-27549018,2021-01-14,s-27549018,r-27549018,AdditionalStreetPrefixName-27549018,AdditionalStreetSuffixName-27549018,549018,CareOfName-27549018,ode-27549018,CityName-27549018,e-27549018,018,County-27549018,r-27549018,9018,District-27549018,9018,FullName-27549018,HomeCityName-27549018,r-27549018,t-27549018,18,x-27549018,POBoxDeviatingCityName-27549018,018,018,true,POBoxLobbyName-27549018,e-27549018,n-27549018,e-27549018,018,018,StreetName-27549018,StreetPrefixName-27549018,StreetSuffixName-27549018,iction-27549018,e-27549018,8,g-27549018,018,ContactRelationshipDepartment-27549018,ContactRelationshipFunction-27549018,e-27549018,r-27549018,l-27549018,true,r-27549018,r-27549018
ess-27549019,s-27549019,s-27549019,2015-04-03,s-27549019,r-27549019,AdditionalStreetPrefixName-27549019,AdditionalStreetSuffixName-27549019,549019,CareOfName-27549019,ode-27549019,CityName-27549019,e-27549019,019,County-27549019,r-27549019,9019,District-27549019,9019,FullName-27549019,HomeCityName-27549019,r-27549019,t-27549019,19,x-27549019,POBoxDeviatingCityName-27549019,019,019,false,POBoxLobbyName-27549019,e-27549019,n-27549019,e-27549019,019,019,StreetName-27549019,StreetPrefixName-27549019,StreetSuffixName-27549019,iction-27549019,e-27549019,9,g-27549019,019,ContactRelationshipDepartment-27549019,ContactRelationshipFunction-27549019,e-27549019,r-27549019,l-27549019,false,r-27549019,r-27549019
ess-27549020,s-27549020,s-27549020,2019-08-11,s-27549020,r-27549020,AdditionalStreetPrefixName-27549020,AdditionalStreetSuffixName-27549020,549020,CareOfName-27549020,ode-27549020,CityName-27549020,e-27549020,020,County-27549020,r-27549020,9020,District-27549020,9020,FullName-27549020,HomeCityName-27549020,r-27549020,t-27549020,20,x-27549020,POBoxDeviatingCityName-27549020,020,020,true,POBoxLobbyName-27549020,e-27549020,n-27549020,e-27549020,020,020,StreetName-27549020,StreetPrefixName-27549020,StreetSuffixName-27549020,iction-27549020,e-27549020,0,g-27549020,020,ContactRelationshipDepartment-27549020,ContactRelationshipFunction-27549020,e-27549020,r-27549020,l-27549020,true,r-27549020,r-27549020
ess-27549021,s-27549021,s-27549021,2010-04-19,s-27549021,r-27549021,AdditionalStreetPrefixName-27549021,AdditionalStreetSuffixName-27549021,549021,CareOfName-27549021,ode-27549021,CityName-27549021,e-27549021,021,County-27549021,r-27549021,9021,District-27549021,9021,FullName-27549021,HomeCityName-27549021,r-27549021,t-27549021,21,x-27549021,POBoxDeviatingCityName-27549021,021,021,false,POBoxLobbyName-27549021,e-27549021,n-27549021,e-27549021,021,021,StreetName-27549021,StreetPrefixName-27549021,StreetSuffixName-27549021,iction-27549021,e-27549021,1,g-27549021,021,ContactRelationshipDepartment-27549021,ContactRelationshipFunction-27549021,e-27549021,r-27549021,l-27549021,false,r-27549021,r-27549021
ess-27549022,s-27549022,s-27549022,2021-03-24,s-27549022,r-27549022,AdditionalStreetPrefixName-27549022,AdditionalStreetSuffixName-27549022,549022,CareOfName-27549022,ode-27549022,CityName-27549022,e-27549022,022,County-27549022,r-27549022,9022,District-27549022,9022,FullName-27549022,HomeCityName-27549022,r-27549022,t-27549022,22,x-27549022,POBoxDeviatingCityName-27549022,022,022,true,POBoxLobbyName-27549022,e-27549022,n-27549022,e-27549022,022,022,StreetName-27549022,StreetPrefixName-27549022,StreetSuffixName-27549022,iction-27549022,e-27549022,2,g-27549022,022,ContactRelationshipDepartment-27549022,ContactRelationshipFunction-27549022,e-27549022,r-27549022,l-27549022,true,r-27549022,r-27549022
ess-27549023,s-27549023,s-27549023,2012-06-08,s-27549023,r-27549023,AdditionalStreetPrefixName-27549023,AdditionalStreetSuffixName-27549023,549023,CareOfName-27549023,ode-27549023,CityName-27549023,e-27549023,023,County-27549023,r-27549023,9023,District-27549023,9023,FullName-27549023,HomeCityName-27549023,r-27549023,t-27549023,23,x-27549023,POBoxDeviatingCityName-27549023,023,023,false,POBoxLobbyName-27549023,e-27549023,n-27549023,e-27549023,023,023,StreetName-27549023,StreetPrefixName-27549023,StreetSuffixName-27549023,iction-27549023,e-27549023,3,g-27549023,023,ContactRelationshipDepartment-27549023,ContactRelationshipFunction-27549023,e-27549023,r-27549023,l-27549023,false,r-27549023,r-27549023
ess-27549024,s-27549024,s-27549024,2008-06-29,s-27549024,r-27549024,AdditionalStreetPrefixName-27549024,AdditionalStreetSuffixName-27549024,549024,CareOfName-27549024,ode-27549024,CityName-27549024,e-27549024,024,County-27549024,r-27549024,9024,District-27549024,9024,FullName-27549024,HomeCityName-27549024,r-27549024,t-27549024,24,x-27549024,POBoxDeviatingCityName-27549024,024,024,true,POBoxLobbyName-27549024,e-27549024,n-27549024,e-27549024,024,024,StreetName-27549024,StreetPrefixName-27549024,StreetSuffixName-27549024,iction-27549024,e-27549024,4,g-27549024,024,ContactRelationshipDepartment-27549024,ContactRelationshipFunction-27549024,e-27549024,r-27549024,l-27549024,true,r-27549024,r-27549024
ess-27549025,s-27549025,s-27549025,2001-05-06,s-27549025,r-27549025,AdditionalStreetPrefixName-27549025,AdditionalStreetSuffixName-27549025,549025,CareOfName-27549025,ode-27549025,CityName-27549025,e-27549025,025,County-27549025,r-27549025,9025,District-27549025,9025,FullName-27549025,HomeCityName-27549025,r-27549025,t-27549025,25,x-27549025,POBoxDeviatingCityName-27549025,025,025,false,POBoxLobbyName-27549025,e-27549025,n-27549025,e-27549025,025,025,StreetName-27549025,StreetPrefixName-27549025,StreetSuffixName-27549025,iction-27549025,e-27549025,5,g-27549025,025,ContactRelationshipDepartment-27549025,ContactRelationshipFunction-27549025,e-27549025,r-27549025,l-27549025,false,r-27549025,r-27549025
ess-27549026,s-27549026,s-27549026,2021-01-31,s-27549026,r-27549026,AdditionalStreetPrefixName-27549026,AdditionalStreetSuffixName-27549026,549026,CareOfName-27549026,ode-27549026,CityName-27549026,e-27549026,026,County-27549026,r-27549026,9026,District-27549026,9026,FullName-27549026,HomeCityName-27549026,r-27549026,t-27549026,26,x-27549026,POBoxDeviatingCityName-27549026,026,026,true,POBoxLobbyName-27549026,e-27549026,n-27549026,e-27549026,026,026,StreetName-27549026,StreetPrefixName-27549026,StreetSuffixName-27549026,iction-27549026,e-27549026,6,g-27549026,026,ContactRelationshipDepartment-27549026,ContactRelationshipFunction-27549026,e-27549026,r-27549026,l-27549026,true,r-27549026,r-27549026
ess-27549027,s-27549027,s-27549027,2009-01-15,s-27549027,r-27549027,AdditionalStreetPrefixName-27549027,AdditionalStreetSuffixName-27549027,549027,CareOfName-27549027,ode-27549027,CityName-27549027,e-27549027,027,County-27549027,r-27549027,9027,District-27549027,9027,FullName-27549027,HomeCityName-27549027,r-27549027,t-27549027,27,x-27549027,POBoxDeviatingCityName-27549027,027,027,false,POBoxLobbyName-27549027,e-27549027,n-27549027,e-27549027,027,027,StreetName-27549027,StreetPrefixName-27549027,StreetSuffixName-27549027,iction-27549027,e-27549027,7,g-27549027,027,ContactRelationshipDepartment-27549027,ContactRelationshipFunction-27549027,e-27549027,r-27549027,l-27549027,false,r-27549027,r-27549027
ess-27549028,s-27549028,s-27549028,2003-10-05,s-27549028,r-27549028,AdditionalStreetPrefixName-27549028,AdditionalStreetSuffixName-27549028,549028,CareOfName-27549028,ode-27549028,CityName-27549028,e-27549028,028,County-27549028,r-27549028,9028,District-27549028,9028,FullName-27549028,HomeCityName-27549028,r-27549028,t-27549028,28,x-27549028,POBoxDeviatingCityName-27549028,028,028,true,POBoxLobbyName-27549028,e-27549028,n-27549028,e-27549028,028,028,StreetName-27549028,StreetPrefixName-27549028,StreetSuffixName-27549028,iction-27549028,e-27549028,8,g-27549028,028,ContactRelationshipDepartment-27549028,ContactRelationshipFunction-27549028,e-27549028,r-27549028,l-27549028,true,r-27549028,r-27549028
ess-27549029,s-27549029,s-27549029,2000-02-10,s-27549029,r-27549029,AdditionalStreetPrefixName-27549029,AdditionalStreetSuffixName-27549029,549029,CareOfName-27549029,ode-27549029,CityName-27549029,e-27549029,029,County-27549029,r-27549029,9029,District-27549029,9029,FullName-27549029,HomeCityName-27549029,r-27549029,t-27549029,29,x-27549029,POBoxDeviatingCityName-27549029,029,029,false,POBoxLobbyName-27549029,e-27549029,n-27549029,e-27549029,029,029,StreetName-27549029,StreetPrefixName-27549029,StreetSuffixName-27549029,iction-27549029,e-27549029,9,g-27549029,029,ContactRelationshipDepartment-27549029,ContactRelationshipFunction-27549029,e-27549029,r-27549029,l-27549029,false,r-27549029,r-27549029
ess-27549030,s-27549030,s-27549030,2016-12-12,s-27549030,r-27549030,AdditionalStreetPrefixName-27549030,AdditionalStreetSuffixName-27549030,549030,CareOfName-27549030,ode-27549030,CityName-27549030,e-27549030,030,County-27549030,r-27549030,9030,District-27549030,9030,FullName-27549030,HomeCityName-27549030,r-27549030,t-27549030,30,x-27549030,POBoxDeviatingCityName-27549030,030,030,true,POBoxLobbyName-27549030,e-27549030,n-27549030,e-27549030,030,030,StreetName-27549030,StreetPrefixName-27549030,StreetSuffixName-27549030,iction-27549030,e-27549030,0,g-27549030,030,ContactRelationshipDepartment-27549030,ContactRelationshipFunction-27549030,e-27549030,r-27549030,l-27549030,true,r-27549030,r-27549030
ess-27549031,s-27549031,s-27549031,2018-11-15,s-27549031,r-27549031,AdditionalStreetPrefixName-27549031,AdditionalStreetSuffixName-27549031,549031,CareOfName-27549031,ode-27549031,CityName-27549031,e-27549031,031,County-27549031,r-27549031,9031,District-27549031,9031,FullName-27549031,HomeCityName-27549031,r-27549031,t-27549031,31,x-27549031,POBoxDeviatingCityName-27549031,031,031,false,POBoxLobbyName-27549031,e-27549031,n-27549031,e-27549031,031,031,StreetName-27549031,StreetPrefixName-27549031,StreetSuffixName-27549031,iction-27549031,e-27549031,1,g-27549031,031,ContactRelationshipDepartment-27549031,ContactRelationshipFunction-27549031,e-27549031,r-27549031,l-27549031,false,r-27549031,r-27549031
ess-27549032,s-27549032,s-27549032,2021-01-01,s-27549032,r-27549032,AdditionalStreetPrefixName-27549032,AdditionalStreetSuffixName-27549032,549032,CareOfName-27549032,ode-27549032,CityName-27549032,e-27549032,032,County-27549032,r-27549032,9032,District-27549032,9032,FullName-27549032,HomeCityName-27549032,r-27549032,t-27549032,32,x-27549032,POBoxDeviatingCityName-27549032,032,032,true,POBoxLobbyName-27549032,e-27549032,n-27549032,e-27549032,032,032,StreetName-27549032,StreetPrefixName-27549032,StreetSuffixName-27549032,iction-27549032,e-27549032,2,g-27549032,032,ContactRelationshipDepartment-27549032,ContactRelationshipFunction-27549032,e-27549032,r-27549032,l-27549032,true,r-27549032,r-27549032
ess-27549033,s-27549033,s-27549033,2006-04-15,s-27549033,r-27549033,AdditionalStreetPrefixName-27549033,AdditionalStreetSuffixName-27549033,549033,CareOfName-27549033,ode-27549033,CityName-27549033,e-27549033,033,County-27549033,r-27549033,9033,District-27549033,9033,FullName-27549033,HomeCityName-27549033,r-27549033,t-27549033,33,x-27549033,POBoxDeviatingCityName-27549033,033,033,false,POBoxLobbyName-27549033,e-27549033,n-27549033,e-27549033,033,033,StreetName-27549033,StreetPrefixName-27549033,StreetSuffixName-27549033,iction-27549033,e-27549033,3,g-27549033,033,ContactRelationshipDepartment-27549033,ContactRelationshipFunction-27549033,e-27549033,r-27549033,l-27549033,false,r-27549033,r-27549033
ess-27549034,s-27549034,s-27549034,2020-03-22,s-27549034,r-27549034,AdditionalStreetPrefixName-27549034,AdditionalStreetSuffixName-27549034,549034,CareOfName-27549034,ode-27549034,CityName-27549034,e-27549034,034,County-27549034,r-27549034,9034,District-27549034,9034,FullName-27549034,HomeCityName-27549034,r-27549034,t-27549034,34,x-27549034,POBoxDeviatingCityName-27549034,034,034,true,POBoxLobbyName-27549034,e-27549034,n-27549034,e-27549034,034,034,StreetName-27549034,StreetPrefixName-27549034,StreetSuffixName-27549034,iction-27549034,e-27549034,4,g-27549034,034,ContactRelationshipDepartment-27549034,ContactRelationshipFunction-27549034,e-27549034,r-27549034,l-27549034,true,r-27549034,r-27549034
ess-27549035,s-27549035,s-27549035,2009-04-24,s-27549035,r-27549035,AdditionalStreetPrefixName-27549035,AdditionalStreetSuffixName-27549035,549035,CareOfName-27549035,ode-27549035,CityName-27549035,e-27549035,035,County-27549035,r-27549035,9035,District-27549035,9035,FullName-27549035,HomeCityName-27549035,r-27549035,t-27549035,35,x-27549035,POBoxDeviatingCityName-27549035,035,035,false,POBoxLobbyName-27549035,e-27549035,n-27549035,e-27549035,035,035,StreetName-27549035,StreetPrefixName-27549035,StreetSuffixName-27549035,iction-27549035,e-27549035,5,g-27549035,035,ContactRelationshipDepartment-27549035,ContactRelationshipFunction-27549035,e-27549035,r-27549035,l-27549035,false,r-27549035,r-27549035
ess-27549036,s-27549036,s-27549036,2011-12-14,s-27549036,r-27549036,AdditionalStreetPrefixName-27549036,AdditionalStreetSuffixName-27549036,549036,CareOfName-27549036,ode-27549036,CityName-27549036,e-27549036,036,County-27549036,r-27549036,9036,District-27549036,9036,FullName-27549036,HomeCityName-27549036,r-27549036,t-27549036,36,x-27549036,POBoxDeviatingCityName-27549036,036,036,true,POBoxLobbyName-27549036,e-27549036,n-27549036,e-27549036,036,036,StreetName-27549036,StreetPrefixName-27549036,StreetSuffixName-27549036,iction-27549036,e-27549036,6,g-27549036,036,ContactRelationshipDepartment-27549036,ContactRelationshipFunction-27549036,e-27549036,r-27549036,l-27549036,true,r-27549036,r-27549036
ess-27549037,s-27549037,s-27549037,2015-06-21,s-27549037,r-27549037,AdditionalStreetPrefixName-27549037,AdditionalStreetSuffixName-27549037,549037,CareOfName-27549037,ode-27549037,CityName-27549037,e-27549037,037,County-27549037,r-27549037,9037,District-27549037,9037,FullName-27549037,HomeCityName-27549037,r-27549037,t-27549037,37,x-27549037,POBoxDeviatingCityName-27549037,037,037,false,POBoxLobbyName-27549037,e-27549037,n-27549037,e-27549037,037,037,StreetName-27549037,StreetPrefixName-27549037,StreetSuffixName-27549037,iction-27549037,e-27549037,7,g-27549037,037,ContactRelationshipDepartment-27549037,ContactRelationshipFunction-27549037,e-27549037,r-27549037,l-27549037,false,r-27549037,r-27549037
ess-27549038,s-27549038,s-27549038,2001-08-17,s-27549038,r-27549038,AdditionalStreetPrefixName-27549038,AdditionalStreetSuffixName-27549038,549038,CareOfName-27549038,ode-27549038,CityName-27549038,e-27549038,038,County-27549038,r-27549038,9038,District-27549038,9038,FullName-27549038,HomeCityName-27549038,r-27549038,t-27549038,38,x-27549038,POBoxDeviatingCityName-27549038,038,038,true,POBoxLobbyName-27549038,e-27549038,n-27549038,e-27549038,038,038,StreetName-27549038,StreetPrefixName-27549038,StreetSuffixName-27549038,iction-27549038,e-27549038,8,g-27549038,038,ContactRelationshipDepartment-27549038,ContactRelationshipFunction-27549038,e-27549038,r-27549038,l-27549038,true,r-27549038,r-27549038
ess-27549039,s-27549039,s-27549039,2001-09-14,s-27549039,r-27549039,AdditionalStreetPrefixName-27549039,AdditionalStreetSuffixName-27549039,549039,CareOfName-27549039,ode-27549039,CityName-27549039,e-27549039,039,County-27549039,r-27549039,9039,District-27549039,9039,FullName-27549039,HomeCityName-27549039,r-27549039,t-27549039,39,x-27549039,POBoxDeviatingCityName-27549039,039,039,false,POBoxLobbyName-27549039,e-27549039,n-27549039,e-27549039,039,039,StreetName-27549039,StreetPrefixName-27549039,StreetSuffixName-27549039,iction-27549039,e-27549039,9,g-27549039,039,ContactRelationshipDepartment-27549039,ContactRelationshipFunction-27549039,e-27549039,r-27549039,l-27549039,false,r-27549039,r-27549039
ess-27549040,s-27549040,s-27549040,2017-07-22,s-27549040,r-27549040,AdditionalStreetPrefixName-27549040,AdditionalStreetSuffixName-27549040,549040,CareOfName-27549040,ode-27549040,CityName-27549040,e-27549040,040,County-27549040,r-27549040,9040,District-27549040,9040,FullName-27549040,HomeCityName-27549040,r-27549040,t-27549040,40,x-27549040,POBoxDeviatingCityName-27549040,040,040,true,POBoxLobbyName-27549040,e-27549040,n-27549040,e-27549040,040,040,StreetName-27549040,StreetPrefixName-27549040,StreetSuffixName-27549040,iction-27549040,e-27549040,0,g-27549040,040,ContactRelationshipDepartment-27549040,ContactRelationshipFunction-27549040,e-27549040,r-27549040,l-27549040,true,r-27549040,r-27549040
ess-27549041,s-27549041,s-27549041,2005-05-04,s-27549041,r-27549041,AdditionalStreetPrefixName-27549041,AdditionalStreetSuffixName-27549041,549041,CareOfName-27549041,ode-27549041,CityName-27549041,e-27549041,041,County-27549041,r-27549041,9041,District-27549041,9041,FullName-27549041,HomeCityName-27549041,r-27549041,t-27549041,41,x-27549041,POBoxDeviatingCityName-27549041,041,041,false,POBoxLobbyName-27549041,e-27549041,n-27549041,e-27549041,041,041,StreetName-27549041,StreetPrefixName-27549041,StreetSuffixName-27549041,iction-27549041,e-27549041,1,g-27549041,041,ContactRelationshipDepartment-27549041,ContactRelationshipFunction-27549041,e-27549041,r-27549041,l-27549041,false,r-27549041,r-27549041
ess-27549042,s-27549042,s-27549042,2010-06-28,s-27549042,r-27549042,AdditionalStreetPrefixName-27549042,AdditionalStreetSuffixName-27549042,549042,CareOfName-27549042,ode-27549042,CityName-27549042,e-27549042,042,County-27549042,r-27549042,9042,District-27549042,9042,FullName-27549042,HomeCityName-27549042,r-27549042,t-27549042,42,x-27549042,POBoxDeviatingCityName-27549042,042,042,true,POBoxLobbyName-27549042,e-27549042,n-27549042,e-27549042,042,042,StreetName-27549042,StreetPrefixName-27549042,StreetSuffixName-27549042,iction-27549042,e-27549042,2,g-27549042,042,ContactRelationshipDepartment-27549042,ContactRelationshipFunction-27549042,e-27549042,r-27549042,l-27549042,true,r-27549042,r-27549042
ess-27549043,s-27549043,s-27549043,2023-05-22,s-27549043,r-27549043,AdditionalStreetPrefixName-27549043,AdditionalStreetSuffixName-27549043,549043,CareOfName-27549043,ode-27549043,CityName-27549043,e-27549043,043,County-27549043,r-27549043,9043,District-27549043,9043,FullName-27549043,HomeCityName-27549043,r-27549043,t-27549043,43,x-27549043,POBoxDeviatingCityName-27549043,043,043,false,POBoxLobbyName-27549043,e-27549043,n-27549043,e-27549043,043,043,StreetName-27549043,StreetPrefixName-27549043,StreetSuffixName-27549043,iction-27549043,e-27549043,3,g-27549043,043,ContactRelationshipDepartment-27549043,ContactRelationshipFunction-27549043,e-27549043,r-27549043,l-27549043,false,r-27549043,r-27549043
