Customer,AddressID,UnloadingPointName,CustomerFactoryCalenderCode,BPGoodsReceivingHoursCode,IsDfltBPUnloadingPoint,MondayMorningOpeningTime,MondayMorningClosingTime,MondayAfternoonOpeningTime,MondayAfternoonClosingTime,TuesdayMorningOpeningTime,TuesdayMorningClosingTime,TuesdayAfternoonOpeningTime,TuesdayAfternoonClosingTime,WednesdayMorningOpeningTime,WednesdayMorningClosingTime,WednesdayAfternoonOpeningTime,WednesdayAfternoonClosingTime,ThursdayMorningOpeningTime,ThursdayMorningClosingTime,ThursdayAfternoonOpeningTime,ThursdayAfternoonClosingTime,FridayMorningOpeningTime,FridayMorningClosingTime,FridayAfternoonOpeningTime,FridayAfternoonClosingTime,SaturdayMorningOpeningTime,SaturdayMorningClosingTime,SaturdayAfternoonOpeningTime,SaturdayAfternoonClosingTime,SundayMorningOpeningTime,SundayMorningClosingTime,SundayAfternoonOpeningTime,SundayAfternoonClosingTime
o-21312732,o-21312732,PtAddrDepdntInfo-21312732,32,732,true,22:59:53,22:59:53,22:59:53,22:59:53,22:59:53,22:59:53,22:59:53,22:59:53,22:59:53,22:59:53,22:59:53,22:59:53,22:59:53,22:59:53,22:59:53,22:59:53,22:59:53,22:59:53,22:59:53,22:59:53,22:59:53,22:59:53,22:59:53,22:59:53,22:59:53,22:59:53,22:59:53,22:59:53
o-21312733,o-21312733,PtAddrDepdntInfo-21312733,33,733,false,22:59:53,22:59:53,22:59:53,22:59:53,22:59:53,22:59:53,22:59:53,22:59:53,22:59:53,22:59:53,22:59:53,22:59:53,22:59:53,22:59:53,22:59:53,22:59:53,22:59:53,22:59:53,22:59:53,22:59:53,22:59:53,22:59:53,22:59:53,22:59:53,22:59:53,22:59:53,22:59:53,22:59:53
o-21312734,o-21312734,PtAddrDepdntInfo-21312734,34,734,true,22:59:53,22:59:53,22:59:53,22:59:53,22:59:53,22:59:53,22:59:53,22:59:53,22:59:53,22:59:53,22:59:53,22:59:53,22:59:53,22:59:53,22:59:53,22:59:53,22:59:53,22:59:53,22:59:53,22:59:53,22:59:53,22:59:53,22:59:53,22:59:53,22:59:53,22:59:53,22:59:53,22:59:53
o-21312735,o-21312735,PtAddrDepdntInfo-21312735,35,735,false,22:59:53,22:59:53,22:59:53,22:59:53,22:59:53,22:59:53,22:59:53,22:59:53,22:59:53,22:59:53,22:59:53,22:59:53,22:59:53,22:59:53,22:59:53,22:59:53,22:59:53,22:59:53,22:59:53,22:59:53,22:59:53,22:59:53,22:59:53,22:59:53,22:59:53,22:59:53,22:59:53,22:59:53
o-21312736,o-21312736,PtAddrDepdntInfo-21312736,36,736,true,22:59:53,22:59:53,22:59:53,22:59:53,22:59:53,22:59:53,22:59:53,22:59:53,22:59:53,22:59:53,22:59:53,22:59:53,22:59:53,22:59:53,22:59:53,22:59:53,22:59:53,22:59:53,22:59:53,22:59:53,22:59:53,22:59:53,22:59:53,22:59:53,22:59:53,22:59:53,22:59:53,22:59:53
o-21312737,o-21312737,PtAddrDepdntInfo-21312737,37,737,false,22:59:53,22:59:53,22:59:53,22:59:53,22:59:53,22:59:53,22:59:53,22:59:53,22:59:53,22:59:53,22:59:53,22:59:53,22:59:53,22:59:53,22:59:53,22:59:53,22:59:53,22:59:53,22:59:53,22:59:53,22:59:53,22:59:53,22:59:53,22:59:53,22:59:53,22:59:53,22:59:53,22:59:53
o-21312738,o-21312738,PtAddrDepdntInfo-21312738,38,738,true,22:59:53,22:59:53,22:59:53,22:59:53,22:59:53,22:59:53,22:59:53,22:59:53,22:59:53,22:59:53,22:59:53,22:59:53,22:59:53,22:59:53,22:59:53,22:59:53,22:59:53,22:59:53,22:59:53,22:59:53,22:59:53,22:59:53,22:59:53,22:59:53,22:59:53,22:59:53,22:59:53,22:59:53
o-21312739,o-21312739,PtAddrDepdntInfo-21312739,39,739,false,22:59:53,22:59:53,22:59:53,22:59:53,22:59:53,22:59:53,22:59:53,22:59:53,22:59:53,22:59:53,22:59:53,22:59:53,22:59:53,22:59:53,22:59:53,22:59:53,22:59:53,22:59:53,22:59:53,22:59:53,22:59:53,22:59:53,22:59:53,22:59:53,22:59:53,22:59:53,22:59:53,22:59:53
o-21312740,o-21312740,PtAddrDepdntInfo-21312740,40,740,true,22:59:53,22:59:53,22:59:53,22:59:53,22:59:53,22:59:53,22:59:53,22:59:53,22:59:53,22:59:53,22:59:53,22:59:53,22:59:53,22:59:53,22:59:53,22:59:53,22:59:53,22:59:53,22:59:53,22:59:53,22:59:53,22:59:53,22:59:53,22:59:53,22:59:53,22:59:53,22:59:53,22:59:53
o-21312741,o-21312741,PtAddrDepdntInfo-21312741,41,741,false,22:59:53,22:59:53,22:59:53,22:59:53,22:59:53,22:59:53,22:59:53,22:59:53,22:59:53,22:59:53,22:59:53,22:59:53,22:59:53,22:59:53,22:59:53,22:59:53,22:59:53,22:59:53,22:59:53,22:59:53,22:59:53,22:59:53,22:59:53,22:59:53,22:59:53,22:59:53,22:59:53,22:59:53
o-21312742,o-21312742,PtAddrDepdntInfo-21312742,42,742,true,22:59:53,22:59:53,22:59:53,22:59:53,22:59:53,22:59:53,22:59:53,22:59:53,22:59:53,22:59:53,22:59:53,22:59:53,22:59:53,22:59:53,22:59:53,22:59:53,22:59:53,22:59:53,22:59:53,22:59:53,22:59:53,22:59:53,22:59:53,22:59:53,22:59:53,22:59:53,22:59:53,22:59:53
o-21312743,o-21312743,PtAddrDepdntInfo-21312743,43,743,false,22:59:53,22:59:53,22:59:53,22:59:53,22:59:53,22:59:53,22:59:53,22:59:53,22:59:53,22:59:53,22:59:53,22:59:53,22:59:53,22:59:53,22:59:53,22:59:53,22:59:53,22:59:53,22:59:53,22:59:53,22:59:53,22:59:53,22:59:53,22:59:53,22:59:53,22:59:53,22:59:53,22:59:53
o-21312744,o-21312744,PtAddrDepdntInfo-21312744,44,744,true,22:59:53,22:59:53,22:59:53,22:59:53,22:59:53,22:59:53,22:59:53,22:59:53,22:59:53,22:59:53,22:59:53,22:59:53,22:59:53,22:59:53,22:59:53,22:59:53,22:59:53,22:59:53,22:59:53,22:59:53,22:59:53,22:59:53,22:59:53,22:59:53,22:59:53,22:59:53,22:59:53,22:59:53
o-21312745,o-21312745,PtAddrDepdntInfo-21312745,45,745,false,22:59:53,22:59:53,22:59:53,22:59:53,22:59:53,22:59:53,22:59:53,22:59:53,22:59:53,22:59:53,22:59:53,22:59:53,22:59:53,22:59:53,22:59:53,22:59:53,22:59:53,22:59:53,22:59:53,22:59:53,22:59:53,22:59:53,22:59:53,22:59:53,22:59:53,22:59:53,22:59:53,22:59:53
o-21312746,o-21312746,PtAddrDepdntInfo-21312746,46,746,true,22:59:53,22:59:53,22:59:53,22:59:53,22:59:53,22:59:53,22:59:53,22:59:53,22:59:53,22:59:53,22:59:53,22:59:53,22:59:53,22:59:53,22:59:53,22:59:53,22:59:53,22:59:53,22:59:53,22:59:53,22:59:53,22:59:53,22:59:53,22:59:53,22:59:53,22:59:53,22:59:53,22:59:53
o-21312747,o-21312747,PtAddrDepdntInfo-21312747,47,747,false,22:59:53,22:59:53,22:59:53,22:59:53,22:59:53,22:59:53,22:59:53,22:59:53,22:59:53,22:59:53,22:59:53,22:59:53,22:59:53,22:59:53,22:59:53,22:59:53,22:59:53,22:59:53,22:59:53,22:59:53,22:59:53,22:59:53,22:59:53,22:59:53,22:59:53,22:59:53,22:59:53,22:59:53
o-21312748,o-21312748,PtAddrDepdntInfo-21312748,48,748,true,22:59:53,22:59:53,22:59:53,22:59:53,22:59:53,22:59:53,22:59:53,22:59:53,22:59:53,22:59:53,22:59:53,22:59:53,22:59:53,22:59:53,22:59:53,22:59:53,22:59:53,22:59:53,22:59:53,22:59:53,22:59:53,22:59:53,22:59:53,22:59:53,22:59:53,22:59:53,22:59:53,22:59:53
o-21312749,o-21312749,PtAddrDepdntInfo-21312749,49,749,false,22:59:53,22:59:53,22:59:53,22:59:53,22:59:53,22:59:53,22:59:53,22:59:53,22:59:53,22:59:53,22:59:53,22:59:53,22:59:53,22:59:53,22:59:53,22:59:53,22:59:53,22:59:53,22:59:53,22:59:53,22:59:53,22:59:53,22:59:53,22:59:53,22:59:53,22:59:53,22:59:53,22:59:53
o-21312750,o-21312750,PtAddrDepdntInfo-21312750,50,750,true,22:59:53,22:59:53,22:59:53,22:59:53,22:59:53,22:59:53,22:59:53,22:59:53,22:59:53,22:59:53,22:59:53,22:59:53,22:59:53,22:59:53,22:59:53,22:59:53,22:59:53,22:59:53,22:59:53,22:59:53,22:59:53,22:59:53,22:59:53,22:59:53,22:59:53,22:59:53,22:59:53,22:59:53
o-21312751,o-21312751,PtAddrDepdntInfo-21312751,51,751,false,22:59:53,22:59:53,22:59:53,22:59:53,22:59:53,22:59:53,22:59:53,22:59:53,22:59:53,22:59:53,22:59:53,22:59:53,22:59:53,22:59:53,22:59:53,22:59:53,22:59:53,22:59:53,22:59:53,22:59:53,22:59:53,22:59:53,22:59:53,22:59:53,22:59:53,22:59:53,22:59:53,22:59:53
o-21312752,o-21312752,PtAddrDepdntInfo-21312752,52,752,true,22:59:53,22:59:53,22:59:53,22:59:53,22:59:53,22:59:53,22:59:53,22:59:53,22:59:53,22:59:53,22:59:53,22:59:53,22:59:53,22:59:53,22:59:53,22:59:53,22:59:53,22:59:53,22:59:53,22:59:53,22:59:53,22:59:53,22:59:53,22:59:53,22:59:53,22:59:53,22:59:53,22:59:53
o-21312753,o-21312753,PtAddrDepdntInfo-21312753,53,753,false,22:59:53,22:59:53,22:59:53,22:59:53,22:59:53,22:59:53,22:59:53,22:59:53,22:59:53,22:59:53,22:59:53,22:59:53,22:59:53,22:59:53,22:59:53,22:59:53,22:59:53,22:59:53,22:59:53,22:59:53,22:59:53,22:59:53,22:59:53,22:59:53,22:59:53,22:59:53,22:59:53,22:59:53
o-21312754,o-21312754,PtAddrDepdntInfo-21312754,54,754,true,22:59:53,22:59:53,22:59:53,22:59:53,22:59:53,22:59:53,22:59:53,22:59:53,22:59:53,22:59:53,22:59:53,22:59:53,22:59:53,22:59:53,22:59:53,22:59:53,22:59:53,22:59:53,22:59:53,22:59:53,22:59:53,22:59:53,22:59:53,22:59:53,22:59:53,22:59:53,22:59:53,22:59:53
o-21312755,o-21312755,PtAddrDepdntInfo-21312755,55,755,false,22:59:53,22:59:53,22:59:53,22:59:53,22:59:53,22:59:53,22:59:53,22:59:53,22:59:53,22:59:53,22:59:53,22:59:53,22:59:53,22:59:53,22:59:53,22:59:53,22:59:53,22:59:53,22:59:53,22:59:53,22:59:53,22:59:53,22:59:53,22:59:53,22:59:53,22:59:53,22:59:53,22:59:53
o-21312756,o-21312756,PtAddrDepdntInfo-21312756,56,756,true,22:59:53,22:59:53,22:59:53,22:59:53,22:59:53,22:59:53,22:59:53,22:59:53,22:59:53,22:59:53,22:59:53,22:59:53,22:59:53,22:59:53,22:59:53,22:59:53,22:59:53,22:59:53,22:59:53,22:59:53,22:59:53,22:59:53,22:59:53,22:59:53,22:59:53,22:59:53,22:59:53,22:59:53
o-21312757,o-21312757,PtAddrDepdntInfo-21312757,57,757,false,22:59:53,22:59:53,22:59:53,22:59:53,22:59:53,22:59:53,22:59:53,22:59:53,22:59:53,22:59:53,22:59:53,22:59:53,22:59:53,22:59:53,22:59:53,22:59:53,22:59:53,22:59:53,22:59:53,22:59:53,22:59:53,22:59:53,22:59:53,22:59:53,22:59:53,22:59:53,22:59:53,22:59:53
o-21312758,o-21312758,PtAddrDepdntInfo-21312758,58,758,true,22:59:53,22:59:53,22:59:53,22:59:53,22:59:53,22:59:53,22:59:53,22:59:53,22:59:53,22:59:53,22:59:53,22:59:53,22:59:53,22:59:53,22:59:53,22:59:53,22:59:53,22:59:53,22:59:53,22:59:53,22:59:53,22:59:53,22:59:53,22:59:53,22:59:53,22:59:53,22:59:53,22:59:53
o-21312759,o-21312759,PtAddrDepdntInfo-21312759,59,759,false,22:59:53,22:59:53,22:59:53,22:59:53,22:59:53,22:59:53,22:59:53,22:59:53,22:59:53,22:59:53,22:59:53,22:59:53,22:59:53,22:59:53,22:59:53,22:59:53,22:59:53,22:59:53,22:59:53,22:59:53,22:59:53,22:59:53,22:59:53,22:59:53,22:59:53,22:59:53,22:59:53,22:59:53
o-21312760,o-21312760,PtAddrDepdntInfo-21312760,60,760,true,22:59:53,22:59:53,22:59:53,22:59:53,22:59:53,22:59:53,22:59:53,22:59:53,22:59:53,22:59:53,22:59:53,22:59:53,22:59:53,22:59:53,22:59:53,22:59:53,22:59:53,22:59:53,22:59:53,22:59:53,22:59:53,22:59:53,22:59:53,22:59:53,22:59:53,22:59:53,22:59:53,22:59:53
o-21312761,o-21312761,PtAddrDepdntInfo-21312761,61,761,false,22:59:53,22:59:53,22:59:53,22:59:53,22:59:53,22:59:53,22:59:53,22:59:53,22:59:53,22:59:53,22:59:53,22:59:53,22:59:53,22:59:53,22:59:53,22:59:53,22:59:53,22:59:53,22:59:53,22:59:53,22:59:53,22:59:53,22:59:53,22:59:53,22:59:53,22:59:53,22:59:53,22:59:53
o-21312762,o-21312762,PtAddrDepdntInfo-21312762,62,762,true,22:59:53,22:59:53,22:59:53,22:59:53,22:59:53,22:59:53,22:59:53,22:59:53,22:59:53,22:59:53,22:59:53,22:59:53,22:59:53,22:59:53,22:59:53,22:59:53,22:59:53,22:59:53,22:59:53,22:59:53,22:59:53,22:59:53,22:59:53,22:59:53,22:59:53,22:59:53,22:59:53,22:59:53
o-21312763,o-21312763,PtAddrDepdntInfo-21312763,63,763,false,22:59:53,22:59:53,22:59:53,22:59:53,22:59:53,22:59:53,22:59:53,22:59:53,22:59:53,22:59:53,22:59:53,22:59:53,22:59:53,22:59:53,22:59:53,22:59:53,22:59:53,22:59:53,22:59:53,22:59:53,22:59:53,22:59:53,22:59:53,22:59:53,22:59:53,22:59:53,22:59:53,22:59:53
o-21312764,o-21312764,PtAddrDepdntInfo-21312764,64,764,true,22:59:53,22:59:53,22:59:53,22:59:53,22:59:53,22:59:53,22:59:53,22:59:53,22:59:53,22:59:53,22:59:53,22:59:53,22:59:53,22:59:53,22:59:53,22:59:53,22:59:53,22:59:53,22:59:53,22:59:53,22:59:53,22:59:53,22:59:53,22:59:53,22:59:53,22:59:53,22:59:53,22:59:53
o-21312765,o-21312765,PtAddrDepdntInfo-21312765,65,765,false,22:59:53,22:59:53,22:59:53,22:59:53,22:59:53,22:59:53,22:59:53,22:59:53,22:59:53,22:59:53,22:59:53,22:59:53,22:59:53,22:59:53,22:59:53,22:59:53,22:59:53,22:59:53,22:59:53,22:59:53,22:59:53,22:59:53,22:59:53,22:59:53,22:59:53,22:59:53,22:59:53,22:59:53
o-21312766,o-21312766,PtAddrDepdntInfo-21312766,66,766,true,22:59:53,22:59:53,22:59:53,22:59:53,22:59:53,22:59:53,22:59:53,22:59:53,22:59:53,22:59:53,22:59:53,22:59:53,22:59:53,22:59:53,22:59:53,22:59:53,22:59:53,22:59:53,22:59:53,22:59:53,22:59:53,22:59:53,22:59:53,22:59:53,22:59:53,22:59:53,22:59:53,22:59:53
o-21312767,o-21312767,PtAddrDepdntInfo-21312767,67,767,false,22:59:53,22:59:53,22:59:53,22:59:53,22:59:53,22:59:53,22:59:53,22:59:53,22:59:53,22:59:53,22:59:53,22:59:53,22:59:53,22:59:53,22:59:53,22:59:53,22:59:53,22:59:53,22:59:53,22:59:53,22:59:53,22:59:53,22:59:53,22:59:53,22:59:53,22:59:53,22:59:53,22:59:53
o-21312768,o-21312768,PtAddrDepdntInfo-21312768,68,768,true,22:59:53,22:59:53,22:59:53,22:59:53,22:59:53,22:59:53,22:59:53,22:59:53,22:59:53,22:59:53,22:59:53,22:59:53,22:59:53,22:59:53,22:59:53,22:59:53,22:59:53,22:59:53,22:59:53,22:59:53,22:59:53,22:59:53,22:59:53,22:59:53,22:59:53,22:59:53,22:59:53,22:59:53
o-21312769,o-21312769,PtAddrDepdntInfo-21312769,69,769,false,22:59:53,22:59:53,22:59:53,22:59:53,22:59:53,22:59:53,22:59:53,22:59:53,22:59:53,22:59:53,22:59:53,22:59:53,22:59:53,22:59:53,22:59:53,22:59:53,22:59:53,22:59:53,22:59:53,22:59:53,22:59:53,22:59:53,22:59:53,22:59:53,22:59:53,22:59:53,22:59:53,22:59:53
o-21312770,o-21312770,PtAddrDepdntInfo-21312770,70,770,true,22:59:53,22:59:53,22:59:53,22:59:53,22:59:53,22:59:53,22:59:53,22:59:53,22:59:53,22:59:53,22:59:53,22:59:53,22:59:53,22:59:53,22:59:53,22:59:53,22:59:53,22:59:53,22:59:53,22:59:53,22:59:53,22:59:53,22:59:53,22:59:53,22:59:53,22:59:53,22:59:53,22:59:53
o-21312771,o-21312771,PtAddrDepdntInfo-21312771,71,771,false,22:59:53,22:59:53,22:59:53,22:59:53,22:59:53,22:59:53,22:59:53,22:59:53,22:59:53,22:59:53,22:59:53,22:59:53,22:59:53,22:59:53,22:59:53,22:59:53,22:59:53,22:59:53,22:59:53,22:59:53,22:59:53,22:59:53,22:59:53,22:59:53,22:59:53,22:59:53,22:59:53,22:59:53
o-21312772,o-21312772,PtAddrDepdntInfo-21312772,72,772,true,22:59:53,22:59:53,22:59:53,22:59:53,22:59:53,22:59:53,22:59:53,22:59:53,22:59:53,22:59:53,22:59:53,22:59:53,22:59:53,22:59:53,22:59:53,22:59:53,22:59:53,22:59:53,22:59:53,22:59:53,22:59:53,22:59:53,22:59:53,22:59:53,22:59:53,22:59:53,22:59:53,22:59:53
o-21312773,o-21312773,PtAddrDepdntInfo-21312773,73,773,false,22:59:53,22:59:53,22:59:53,22:59:53,22:59:53,22:59:53,22:59:53,22:59:53,22:59:53,22:59:53,22:59:53,22:59:53,22:59:53,22:59:53,22:59:53,22:59:53,22:59:53,22:59:53,22:59:53,22:59:53,22:59:53,22:59:53,22:59:53,22:59:53,22:59:53,22:59:53,22:59:53,22:59:53
o-21312774,o-21312774,PtAddrDepdntInfo-21312774,74,774,true,22:59:53,22:59:53,22:59:53,22:59:53,22:59:53,22:59:53,22:59:53,22:59:53,22:59:53,22:59:53,22:59:53,22:59:53,22:59:53,22:59:53,22:59:53,22:59:53,22:59:53,22:59:53,22:59:53,22:59:53,22:59:53,22:59:53,22:59:53,22:59:53,22:59:53,22:59:53,22:59:53,22:59:53
o-21312775,o-21312775,PtAddrDepdntInfo-21312775,75,775,false,22:59:53,22:59:53,22:59:53,22:59:53,22:59:53,22:59:53,22:59:53,22:59:53,22:59:53,22:59:53,22:59:53,22:59:53,22:59:53,22:59:53,22:59:53,22:59:53,22:59:53,22:59:53,22:59:53,22:59:53,22:59:53,22:59:53,22:59:53,22:59:53,22:59:53,22:59:53,22:59:53,22:59:53
o-21312776,o-21312776,PtAddrDepdntInfo-21312776,76,776,true,22:59:53,22:59:53,22:59:53,22:59:53,22:59:53,22:59:53,22:59:53,22:59:53,22:59:53,22:59:53,22:59:53,22:59:53,22:59:53,22:59:53,22:59:53,22:59:53,22:59:53,22:59:53,22:59:53,22:59:53,22:59:53,22:59:53,22:59:53,22:59:53,22:59:53,22:59:53,22:59:53,22:59:53
o-21312777,o-21312777,PtAddrDepdntInfo-21312777,77,777,false,22:59:53,22:59:53,22:59:53,22:59:53,22:59:53,22:59:53,22:59:53,22:59:53,22:59:53,22:59:53,22:59:53,22:59:53,22:59:53,22:59:53,22:59:53,22:59:53,22:59:53,22:59:53,22:59:53,22:59:53,22:59:53,22:59:53,22:59:53,22:59:53,22:59:53,22:59:53,22:59:53,22:59:53
o-21312778,o-21312778,PtAddrDepdntInfo-21312778,78,778,true,22:59:53,22:59:53,22:59:53,22:59:53,22:59:53,22:59:53,22:59:53,22:59:53,22:59:53,22:59:53,22:59:53,22:59:53,22:59:53,22:59:53,22:59:53,22:59:53,22:59:53,22:59:53,22:59:53,22:59:53,22:59:53,22:59:53,22:59:53,22:59:53,22:59:53,22:59:53,22:59:53,22:59:53
o-21312779,o-21312779,PtAddrDepdntInfo-21312779,79,779,false,22:59:53,22:59:53,22:59:53,22:59:53,22:59:53,22:59:53,22:59:53,22:59:53,22:59:53,22:59:53,22:59:53,22:59:53,22:59:53,22:59:53,22:59:53,22:59:53,22:59:53,22:59:53,22:59:53,22:59:53,22:59:53,22:59:53,22:59:53,22:59:53,22:59:53,22:59:53,22:59:53,22:59:53
o-21312780,o-21312780,PtAddrDepdntInfo-21312780,80,780,true,22:59:53,22:59:53,22:59:53,22:59:53,22:59:53,22:59:53,22:59:53,22:59:53,22:59:53,22:59:53,22:59:53,22:59:53,22:59:53,22:59:53,22:59:53,22:59:53,22:59:53,22:59:53,22:59:53,22:59:53,22:59:53,22:59:53,22:59:53,22:59:53,22:59:53,22:59:53,22:59:53,22:59:53
o-21312781,o-21312781,PtAddrDepdntInfo-21312781,81,781,false,22:59:53,22:59:53,22:59:53,22:59:53,22:59:53,22:59:53,22:59:53,22:59:53,22:59:53,22:59:53,22:59:53,22:59:53,22:59:53,22:59:53,22:59:53,22:59:53,22:59:53,22:59:53,22:59:53,22:59:53,22:59:53,22:59:53,22:59:53,22:59:53,22:59:53,22:59:53,22:59:53,22:59:53
o-21312782,o-21312782,PtAddrDepdntInfo-21312782,82,782,true,22:59:53,22:59:53,22:59:53,22:59:53,22:59:53,22:59:53,22:59:53,22:59:53,22:59:53,22:59:53,22:59:53,22:59:53,22:59:53,22:59:53,22:59:53,22:59:53,22:59:53,22:59:53,22:59:53,22:59:53,22:59:53,22:59:53,22:59:53,22:59:53,22:59:53,22:59:53,22:59:53,22:59:53
o-21312783,o-21312783,PtAddrDepdntInfo-21312783,83,783,false,22:59:53,22:59:53,22:59:53,22:59:53,22:59:53,22:59:53,22:59:53,22:59:53,22:59:53,22:59:53,22:59:53,22:59:53,22:59:53,22:59:53,22:59:53,22:59:53,22:59:53,22:59:53,22:59:53,22:59:53,22:59:53,22:59:53,22:59:53,22:59:53,22:59:53,22:59:53,22:59:53,22:59:53
o-21312784,o-21312784,PtAddrDepdntInfo-21312784,84,784,true,22:59:53,22:59:53,22:59:53,22:59:53,22:59:53,22:59:53,22:59:53,22:59:53,22:59:53,22:59:53,22:59:53,22:59:53,22:59:53,22:59:53,22:59:53,22:59:53,22:59:53,22:59:53,22:59:53,22:59:53,22:59:53,22:59:53,22:59:53,22:59:53,22:59:53,22:59:53,22:59:53,22:59:53
o-21312785,o-21312785,PtAddrDepdntInfo-21312785,85,785,false,22:59:53,22:59:53,22:59:53,22:59:53,22:59:53,22:59:53,22:59:53,22:59:53,22:59:53,22:59:53,22:59:53,22:59:53,22:59:53,22:59:53,22:59:53,22:59:53,22:59:53,22:59:53,22:59:53,22:59:53,22:59:53,22:59:53,22:59:53,22:59:53,22:59:53,22:59:53,22:59:53,22:59:53
o-21312786,o-21312786,PtAddrDepdntInfo-21312786,86,786,true,22:59:53,22:59:53,22:59:53,22:59:53,22:59:53,22:59:53,22:59:53,22:59:53,22:59:53,22:59:53,22:59:53,22:59:53,22:59:53,22:59:53,22:59:53,22:59:53,22:59:53,22:59:53,22:59:53,22:59:53,22:59:53,22:59:53,22:59:53,22:59:53,22:59:53,22:59:53,22:59:53,22:59:53
o-21312787,o-21312787,PtAddrDepdntInfo-21312787,87,787,false,22:59:53,22:59:53,22:59:53,22:59:53,22:59:53,22:59:53,22:59:53,22:59:53,22:59:53,22:59:53,22:59:53,22:59:53,22:59:53,22:59:53,22:59:53,22:59:53,22:59:53,22:59:53,22:59:53,22:59:53,22:59:53,22:59:53,22:59:53,22:59:53,22:59:53,22:59:53,22:59:53,22:59:53
o-21312788,o-21312788,PtAddrDepdntInfo-21312788,88,788,true,22:59:53,22:59:53,22:59:53,22:59:53,22:59:53,22:59:53,22:59:53,22:59:53,22:59:53,22:59:53,22:59:53,22:59:53,22:59:53,22:59:53,22:59:53,22:59:53,22:59:53,22:59:53,22:59:53,22:59:53,22:59:53,22:59:53,22:59:53,22:59:53,22:59:53,22:59:53,22:59:53,22:59:53
o-21312789,o-21312789,PtAddrDepdntInfo-21312789,89,789,false,22:59:53,22:59:53,22:59:53,22:59:53,22:59:53,22:59:53,22:59:53,22:59:53,22:59:53,22:59:53,22:59:53,22:59:53,22:59:53,22:59:53,22:59:53,22:59:53,22:59:53,22:59:53,22:59:53,22:59:53,22:59:53,22:59:53,22:59:53,22:59:53,22:59:53,22:59:53,22:59:53,22:59:53
o-21312790,o-21312790,PtAddrDepdntInfo-21312790,90,790,true,22:59:53,22:59:53,22:59:53,22:59:53,22:59:53,22:59:53,22:59:53,22:59:53,22:59:53,22:59:53,22:59:53,22:59:53,22:59:53,22:59:53,22:59:53,22:59:53,22:59:53,22:59:53,22:59:53,22:59:53,22:59:53,22:59:53,22:59:53,22:59:53,22:59:53,22:59:53,22:59:53,22:59:53
o-21312791,o-21312791,PtAddrDepdntInfo-21312791,91,791,false,22:59:53,22:59:53,22:59:53,22:59:53,22:59:53,22:59:53,22:59:53,22:59:53,22:59:53,22:59:53,22:59:53,22:59:53,22:59:53,22:59:53,22:59:53,22:59:53,22:59:53,22:59:53,22:59:53,22:59:53,22:59:53,22:59:53,22:59:53,22:59:53,22:59:53,22:59:53,22:59:53,22:59:53
o-21312792,o-21312792,PtAddrDepdntInfo-21312792,92,792,true,22:59:53,22:59:53,22:59:53,22:59:53,22:59:53,22:59:53,22:59:53,22:59:53,22:59:53,22:59:53,22:59:53,22:59:53,22:59:53,22:59:53,22:59:53,22:59:53,22:59:53,22:59:53,22:59:53,22:59:53,22:59:53,22:59:53,22:59:53,22:59:53,22:59:53,22:59:53,22:59:53,22:59:53
o-21312793,o-21312793,PtAddrDepdntInfo-21312793,93,793,false,22:59:53,22:59:53,22:59:53,22:59:53,22:59:53,22:59:53,22:59:53,22:59:53,22:59:53,22:59:53,22:59:53,22:59:53,22:59:53,22:59:53,22:59:53,22:59:53,22:59:53,22:59:53,22:59:53,22:59:53,22:59:53,22:59:53,22:59:53,22:59:53,22:59:53,22:59:53,22:59:53,22:59:53
o-21312794,o-21312794,PtAddrDepdntInfo-21312794,94,794,true,22:59:53,22:59:53,22:59:53,22:59:53,22:59:53,22:59:53,22:59:53,22:59:53,22:59:53,22:59:53,22:59:53,22:59:53,22:59:53,22:59:53,22:59:53,22:59:53,22:59:53,22:59:53,22:59:53,22:59:53,22:59:53,22:59:53,22:59:53,22:59:53,22:59:53,22:59:53,22:59:53,22:59:53
o-21312795,o-21312795,PtAddrDepdntInfo-21312795,95,795,false,22:59:53,22:59:53,22:59:53,22:59:53,22:59:53,22:59:53,22:59:53,22:59:53,22:59:53,22:59:53,22:59:53,22:59:53,22:59:53,22:59:53,22:59:53,22:59:53,22:59:53,22:59:53,22:59:53,22:59:53,22:59:53,22:59:53,22:59:53,22:59:53,22:59:53,22:59:53,22:59:53,22:59:53
o-21312796,o-21312796,PtAddrDepdntInfo-21312796,96,796,true,22:59:53,22:59:53,22:59:53,22:59:53,22:59:53,22:59:53,22:59:53,22:59:53,22:59:53,22:59:53,22:59:53,22:59:53,22:59:53,22:59:53,22:59:53,22:59:53,22:59:53,22:59:53,22:59:53,22:59:53,22:59:53,22:59:53,22:59:53,22:59:53,22:59:53,22:59:53,22:59:53,22:59:53
o-21312797,o-21312797,PtAddrDepdntInfo-21312797,97,797,false,22:59:53,22:59:53,22:59:53,22:59:53,22:59:53,22:59:53,22:59:53,22:59:53,22:59:53,22:59:53,22:59:53,22:59:53,22:59:53,22:59:53,22:59:53,22:59:53,22:59:53,22:59:53,22:59:53,22:59:53,22:59:53,22:59:53,22:59:53,22:59:53,22:59:53,22:59:53,22:59:53,22:59:53
o-21312798,o-21312798,PtAddrDepdntInfo-21312798,98,798,true,22:59:53,22:59:53,22:59:53,22:59:53,22:59:53,22:59:53,22:59:53,22:59:53,22:59:53,22:59:53,22:59:53,22:59:53,22:59:53,22:59:53,22:59:53,22:59:53,22:59:53,22:59:53,22:59:53,22:59:53,22:59:53,22:59:53,22:59:53,22:59:53,22:59:53,22:59:53,22:59:53,22:59:53
o-21312799,o-21312799,PtAddrDepdntInfo-21312799,99,799,false,22:59:53,22:59:53,22:59:53,22:59:53,22:59:53,22:59:53,22:59:53,22:59:53,22:59:53,22:59:53,22:59:53,22:59:53,22:59:53,22:59:53,22:59:53,22:59:53,22:59:53,22:59:53,22:59:53,22:59:53,22:59:53,22:59:53,22:59:53,22:59:53,22:59:53,22:59:53,22:59:53,22:59:53
o-21312800,o-21312800,PtAddrDepdntInfo-21312800,00,800,true,22:59:53,22:59:53,22:59:53,22:59:53,22:59:53,22:59:53,22:59:53,22:59:53,22:59:53,22:59:53,22:59:53,22:59:53,22:59:53,22:59:53,22:59:53,22:59:53,22:59:53,22:59:53,22:59:53,22:59:53,22:59:53,22:59:53,22:59:53,22:59:53,22:59:53,22:59:53,22:59:53,22:59:53
o-21312801,o-21312801,PtAddrDepdntInfo-21312801,01,801,false,22:59:53,22:59:53,22:59:53,22:59:53,22:59:53,22:59:53,22:59:53,22:59:53,22:59:53,22:59:53,22:59:53,22:59:53,22:59:53,22:59:53,22:59:53,22:59:53,22:59:53,22:59:53,22:59:53,22:59:53,22:59:53,22:59:53,22:59:53,22:59:53,22:59:53,22:59:53,22:59:53,22:59:53
o-21312802,o-21312802,PtAddrDepdntInfo-21312802,02,802,true,22:59:53,22:59:53,22:59:53,22:59:53,22:59:53,22:59:53,22:59:53,22:59:53,22:59:53,22:59:53,22:59:53,22:59:53,22:59:53,22:59:53,22:59:53,22:59:53,22:59:53,22:59:53,22:59:53,22:59:53,22:59:53,22:59:53,22:59:53,22:59:53,22:59:53,22:59:53,22:59:53,22:59:53
o-21312803,o-21312803,PtAddrDepdntInfo-21312803,03,803,false,22:59:53,22:59:53,22:59:53,22:59:53,22:59:53,22:59:53,22:59:53,22:59:53,22:59:53,22:59:53,22:59:53,22:59:53,22:59:53,22:59:53,22:59:53,22:59:53,22:59:53,22:59:53,22:59:53,22:59:53,22:59:53,22:59:53,22:59:53,22:59:53,22:59:53,22:59:53,22:59:53,22:59:53
o-21312804,o-21312804,PtAddrDepdntInfo-21312804,04,804,true,22:59:53,22:59:53,22:59:53,22:59:53,22:59:53,22:59:53,22:59:53,22:59:53,22:59:53,22:59:53,22:59:53,22:59:53,22:59:53,22:59:53,22:59:53,22:59:53,22:59:53,22:59:53,22:59:53,22:59:53,22:59:53,22:59:53,22:59:53,22:59:53,22:59:53,22:59:53,22:59:53,22:59:53
o-21312805,o-21312805,PtAddrDepdntInfo-21312805,05,805,false,22:59:53,22:59:53,22:59:53,22:59:53,22:59:53,22:59:53,22:59:53,22:59:53,22:59:53,22:59:53,22:59:53,22:59:53,22:59:53,22:59:53,22:59:53,22:59:53,22:59:53,22:59:53,22:59:53,22:59:53,22:59:53,22:59:53,22:59:53,22:59:53,22:59:53,22:59:53,22:59:53,22:59:53
o-21312806,o-21312806,PtAddrDepdntInfo-21312806,06,806,true,22:59:53,22:59:53,22:59:53,22:59:53,22:59:53,22:59:53,22:59:53,22:59:53,22:59:53,22:59:53,22:59:53,22:59:53,22:59:53,22:59:53,22:59:53,22:59:53,22:59:53,22:59:53,22:59:53,22:59:53,22:59:53,22:59:53,22:59:53,22:59:53,22:59:53,22:59:53,22:59:53,22:59:53
o-21312807,o-21312807,PtAddrDepdntInfo-21312807,07,807,false,22:59:53,22:59:53,22:59:53,22:59:53,22:59:53,22:59:53,22:59:53,22:59:53,22:59:53,22:59:53,22:59:53,22:59:53,22:59:53,22:59:53,22:59:53,22:59:53,22:59:53,22:59:53,22:59:53,22:59:53,22:59:53,22:59:53,22:59:53,22:59:53,22:59:53,22:59:53,22:59:53,22:59:53
o-21312808,o-21312808,PtAddrDepdntInfo-21312808,08,808,true,22:59:53,22:59:53,22:59:53,22:59:53,22:59:53,22:59:53,22:59:53,22:59:53,22:59:53,22:59:53,22:59:53,22:59:53,22:59:53,22:59:53,22:59:53,22:59:53,22:59:53,22:59:53,22:59:53,22:59:53,22:59:53,22:59:53,22:59:53,22:59:53,22:59:53,22:59:53,22:59:53,22:59:53
o-21312809,o-21312809,PtAddrDepdntInfo-21312809,09,809,false,22:59:53,22:59:53,22:59:53,22:59:53,22:59:53,22:59:53,22:59:53,22:59:53,22:59:53,22:59:53,22:59:53,22:59:53,22:59:53,22:59:53,22:59:53,22:59:53,22:59:53,22:59:53,22:59:53,22:59:53,22:59:53,22:59:53,22:59:53,22:59:53,22:59:53,22:59:53,22:59:53,22:59:53
o-21312810,o-21312810,PtAddrDepdntInfo-21312810,10,810,true,22:59:53,22:59:53,22:59:53,22:59:53,22:59:53,22:59:53,22:59:53,22:59:53,22:59:53,22:59:53,22:59:53,22:59:53,22:59:53,22:59:53,22:59:53,22:59:53,22:59:53,22:59:53,22:59:53,22:59:53,22:59:53,22:59:53,22:59:53,22:59:53,22:59:53,22:59:53,22:59:53,22:59:53
o-21312811,o-21312811,PtAddrDepdntInfo-21312811,11,811,false,22:59:53,22:59:53,22:59:53,22:59:53,22:59:53,22:59:53,22:59:53,22:59:53,22:59:53,22:59:53,22:59:53,22:59:53,22:59:53,22:59:53,22:59:53,22:59:53,22:59:53,22:59:53,22:59:53,22:59:53,22:59:53,22:59:53,22:59:53,22:59:53,22:59:53,22:59:53,22:59:53,22:59:53
o-21312812,o-21312812,PtAddrDepdntInfo-21312812,12,812,true,22:59:53,22:59:53,22:59:53,22:59:53,22:59:53,22:59:53,22:59:53,22:59:53,22:59:53,22:59:53,22:59:53,22:59:53,22:59:53,22:59:53,22:59:53,22:59:53,22:59:53,22:59:53,22:59:53,22:59:53,22:59:53,22:59:53,22:59:53,22:59:53,22:59:53,22:59:53,22:59:53,22:59:53
o-21312813,o-21312813,PtAddrDepdntInfo-21312813,13,813,false,22:59:53,22:59:53,22:59:53,22:59:53,22:59:53,22:59:53,22:59:53,22:59:53,22:59:53,22:59:53,22:59:53,22:59:53,22:59:53,22:59:53,22:59:53,22:59:53,22:59:53,22:59:53,22:59:53,22:59:53,22:59:53,22:59:53,22:59:53,22:59:53,22:59:53,22:59:53,22:59:53,22:59:53
o-21312814,o-21312814,PtAddrDepdntInfo-21312814,14,814,true,22:59:53,22:59:53,22:59:53,22:59:53,22:59:53,22:59:53,22:59:53,22:59:53,22:59:53,22:59:53,22:59:53,22:59:53,22:59:53,22:59:53,22:59:53,22:59:53,22:59:53,22:59:53,22:59:53,22:59:53,22:59:53,22:59:53,22:59:53,22:59:53,22:59:53,22:59:53,22:59:53,22:59:53
o-21312815,o-21312815,PtAddrDepdntInfo-21312815,15,815,false,22:59:53,22:59:53,22:59:53,22:59:53,22:59:53,22:59:53,22:59:53,22:59:53,22:59:53,22:59:53,22:59:53,22:59:53,22:59:53,22:59:53,22:59:53,22:59:53,22:59:53,22:59:53,22:59:53,22:59:53,22:59:53,22:59:53,22:59:53,22:59:53,22:59:53,22:59:53,22:59:53,22:59:53
o-21312816,o-21312816,PtAddrDepdntInfo-21312816,16,816,true,22:59:53,22:59:53,22:59:53,22:59:53,22:59:53,22:59:53,22:59:53,22:59:53,22:59:53,22:59:53,22:59:53,22:59:53,22:59:53,22:59:53,22:59:53,22:59:53,22:59:53,22:59:53,22:59:53,22:59:53,22:59:53,22:59:53,22:59:53,22:59:53,22:59:53,22:59:53,22:59:53,22:59:53
o-21312817,o-21312817,PtAddrDepdntInfo-21312817,17,817,false,22:59:53,22:59:53,22:59:53,22:59:53,22:59:53,22:59:53,22:59:53,22:59:53,22:59:53,22:59:53,22:59:53,22:59:53,22:59:53,22:59:53,22:59:53,22:59:53,22:59:53,22:59:53,22:59:53,22:59:53,22:59:53,22:59:53,22:59:53,22:59:53,22:59:53,22:59:53,22:59:53,22:59:53
o-21312818,o-21312818,PtAddrDepdntInfo-21312818,18,818,true,22:59:53,22:59:53,22:59:53,22:59:53,22:59:53,22:59:53,22:59:53,22:59:53,22:59:53,22:59:53,22:59:53,22:59:53,22:59:53,22:59:53,22:59:53,22:59:53,22:59:53,22:59:53,22:59:53,22:59:53,22:59:53,22:59:53,22:59:53,22:59:53,22:59:53,22:59:53,22:59:53,22:59:53
o-21312819,o-21312819,PtAddrDepdntInfo-21312819,19,819,false,22:59:53,22:59:53,22:59:53,22:59:53,22:59:53,22:59:53,22:59:53,22:59:53,22:59:53,22:59:53,22:59:53,22:59:53,22:59:53,22:59:53,22:59:53,22:59:53,22:59:53,22:59:53,22:59:53,22:59:53,22:59:53,22:59:53,22:59:53,22:59:53,22:59:53,22:59:53,22:59:53,22:59:53
o-21312820,o-21312820,PtAddrDepdntInfo-21312820,20,820,true,22:59:53,22:59:53,22:59:53,22:59:53,22:59:53,22:59:53,22:59:53,22:59:53,22:59:53,22:59:53,22:59:53,22:59:53,22:59:53,22:59:53,22:59:53,22:59:53,22:59:53,22:59:53,22:59:53,22:59:53,22:59:53,22:59:53,22:59:53,22:59:53,22:59:53,22:59:53,22:59:53,22:59:53
o-21312821,o-21312821,PtAddrDepdntInfo-21312821,21,821,false,22:59:53,22:59:53,22:59:53,22:59:53,22:59:53,22:59:53,22:59:53,22:59:53,22:59:53,22:59:53,22:59:53,22:59:53,22:59:53,22:59:53,22:59:53,22:59:53,22:59:53,22:59:53,22:59:53,22:59:53,22:59:53,22:59:53,22:59:53,22:59:53,22:59:53,22:59:53,22:59:53,22:59:53
o-21312822,o-21312822,PtAddrDepdntInfo-21312822,22,822,true,22:59:53,22:59:53,22:59:53,22:59:53,22:59:53,22:59:53,22:59:53,22:59:53,22:59:53,22:59:53,22:59:53,22:59:53,22:59:53,22:59:53,22:59:53,22:59:53,22:59:53,22:59:53,22:59:53,22:59:53,22:59:53,22:59:53,22:59:53,22:59:53,22:59:53,22:59:53,22:59:53,22:59:53
o-21312823,o-21312823,PtAddrDepdntInfo-21312823,23,823,false,22:59:53,22:59:53,22:59:53,22:59:53,22:59:53,22:59:53,22:59:53,22:59:53,22:59:53,22:59:53,22:59:53,22:59:53,22:59:53,22:59:53,22:59:53,22:59:53,22:59:53,22:59:53,22:59:53,22:59:53,22:59:53,22:59:53,22:59:53,22:59:53,22:59:53,22:59:53,22:59:53,22:59:53
o-21312824,o-21312824,PtAddrDepdntInfo-21312824,24,824,true,22:59:53,22:59:53,22:59:53,22:59:53,22:59:53,22:59:53,22:59:53,22:59:53,22:59:53,22:59:53,22:59:53,22:59:53,22:59:53,22:59:53,22:59:53,22:59:53,22:59:53,22:59:53,22:59:53,22:59:53,22:59:53,22:59:53,22:59:53,22:59:53,22:59:53,22:59:53,22:59:53,22:59:53
o-21312825,o-21312825,PtAddrDepdntInfo-21312825,25,825,false,22:59:53,22:59:53,22:59:53,22:59:53,22:59:53,22:59:53,22:59:53,22:59:53,22:59:53,22:59:53,22:59:53,22:59:53,22:59:53,22:59:53,22:59:53,22:59:53,22:59:53,22:59:53,22:59:53,22:59:53,22:59:53,22:59:53,22:59:53,22:59:53,22:59:53,22:59:53,22:59:53,22:59:53
o-21312826,o-21312826,PtAddrDepdntInfo-21312826,26,826,true,22:59:53,22:59:53,22:59:53,22:59:53,22:59:53,22:59:53,22:59:53,22:59:53,22:59:53,22:59:53,22:59:53,22:59:53,22:59:53,22:59:53,22:59:53,22:59:53,22:59:53,22:59:53,22:59:53,22:59:53,22:59:53,22:59:53,22:59:53,22:59:53,22:59:53,22:59:53,22:59:53,22:59:53
o-21312827,o-21312827,PtAddrDepdntInfo-21312827,27,827,false,22:59:53,22:59:53,22:59:53,22:59:53,22:59:53,22:59:53,22:59:53,22:59:53,22:59:53,22:59:53,22:59:53,22:59:53,22:59:53,22:59:53,22:59:53,22:59:53,22:59:53,22:59:53,22:59:53,22:59:53,22:59:53,22:59:53,22:59:53,22:59:53,22:59:53,22:59:53,22:59:53,22:59:53
o-21312828,o-21312828,PtAddrDepdntInfo-21312828,28,828,true,22:59:53,22:59:53,22:59:53,22:59:53,22:59:53,22:59:53,22:59:53,22:59:53,22:59:53,22:59:53,22:59:53,22:59:53,22:59:53,22:59:53,22:59:53,22:59:53,22:59:53,22:59:53,22:59:53,22:59:53,22:59:53,22:59:53,22:59:53,22:59:53,22:59:53,22:59:53,22:59:53,22:59:53
o-21312829,o-21312829,PtAddrDepdntInfo-21312829,29,829,false,22:59:53,22:59:53,22:59:53,22:59:53,22:59:53,22:59:53,22:59:53,22:59:53,22:59:53,22:59:53,22:59:53,22:59:53,22:59:53,22:59:53,22:59:53,22:59:53,22:59:53,22:59:53,22:59:53,22:59:53,22:59:53,22:59:53,22:59:53,22:59:53,22:59:53,22:59:53,22:59:53,22:59:53
o-21312830,o-21312830,PtAddrDepdntInfo-21312830,30,830,true,22:59:53,22:59:53,22:59:53,22:59:53,22:59:53,22:59:53,22:59:53,22:59:53,22:59:53,22:59:53,22:59:53,22:59:53,22:59:53,22:59:53,22:59:53,22:59:53,22:59:53,22:59:53,22:59:53,22:59:53,22:59:53,22:59:53,22:59:53,22:59:53,22:59:53,22:59:53,22:59:53,22:59:53
o-21312831,o-21312831,PtAddrDepdntInfo-21312831,31,831,false,22:59:53,22:59:53,22:59:53,22:59:53,22:59:53,22:59:53,22:59:53,22:59:53,22:59:53,22:59:53,22:59:53,22:59:53,22:59:53,22:59:53,22:59:53,22:59:53,22:59:53,22:59:53,22:59:53,22:59:53,22:59:53,22:59:53,22:59:53,22:59:53,22:59:53,22:59:53,22:59:53,22:59:53
