BusinessPartner,AddressID,ValidityStartDate,ValidityEndDate,AuthorizationGroup,AddressUUID,AdditionalStreetPrefixName,AdditionalStreetSuffixName,AddressTimeZone,CareOfName,CityCode,CityName,CompanyPostalCode,Country,County,DeliveryServiceNumber,DeliveryServiceTypeCode,District,FormOfAddress,FullName,HomeCityName,HouseNumber,HouseNumberSupplementText,Language,POBox,POBoxDeviatingCityName,POBoxDeviatingCountry,POBoxDeviatingRegion,POBoxIsWithoutNumber,POBoxLobbyName,POBoxPostalCode,Person,PostalCode,PrfrdCommMediumType,Region,StreetName,StreetPrefixName,StreetSuffixName,TaxJurisdiction,TransportZone,AddressIDByExternalSystem,CountyCode,TownshipCode,TownshipName,Building,Floor,RoomNumber,to_BPAddrDepdntIntlLocNumber_BusinessPartner,to_BPAddrDepdntIntlLocNumber_AddressID
s-18280931,s-18280931,2022-04-18T00:00:00.000Z,2004-06-23T00:00:00.000Z,0931,18280931-f562-4086-9af2-959a0de30126,AdditionalStreetPrefixName-18280931,AdditionalStreetSuffixName-18280931,280931,CareOfName-18280931,ode-18280931,CityName-18280931,e-18280931,931,County-18280931,r-18280931,0931,District-18280931,0931,FullName-18280931,HomeCityName-18280931,r-18280931,t-18280931,31,x-18280931,POBoxDeviatingCityName-18280931,931,931,false,POBoxLobbyName-18280931,e-18280931,n-18280931,e-18280931,931,931,StreetName-18280931,StreetPrefixName-18280931,StreetSuffixName-18280931,iction-18280931,e-18280931,ernalSystem-18280931,18280931,18280931,TownshipName-18280931,Building-18280931,r-18280931,r-18280931,r-11408744,r-11408744
s-18280932,s-18280932,2019-12-15T00:00:00.000Z,2009-02-27T00:00:00.000Z,0932,18280932-fece-4223-b22b-ff0da176c5fa,AdditionalStreetPrefixName-18280932,AdditionalStreetSuffixName-18280932,280932,CareOfName-18280932,ode-18280932,CityName-18280932,e-18280932,932,County-18280932,r-18280932,0932,District-18280932,0932,FullName-18280932,HomeCityName-18280932,r-18280932,t-18280932,32,x-18280932,POBoxDeviatingCityName-18280932,932,932,true,POBoxLobbyName-18280932,e-18280932,n-18280932,e-18280932,932,932,StreetName-18280932,StreetPrefixName-18280932,StreetSuffixName-18280932,iction-18280932,e-18280932,ernalSystem-18280932,18280932,18280932,TownshipName-18280932,Building-18280932,r-18280932,r-18280932,r-11408744,r-11408744
s-18280933,s-18280933,2010-05-09T00:00:00.000Z,2022-03-07T00:00:00.000Z,0933,18280933-c0e6-4729-a61f-1656578e8cef,AdditionalStreetPrefixName-18280933,AdditionalStreetSuffixName-18280933,280933,CareOfName-18280933,ode-18280933,CityName-18280933,e-18280933,933,County-18280933,r-18280933,0933,District-18280933,0933,FullName-18280933,HomeCityName-18280933,r-18280933,t-18280933,33,x-18280933,POBoxDeviatingCityName-18280933,933,933,false,POBoxLobbyName-18280933,e-18280933,n-18280933,e-18280933,933,933,StreetName-18280933,StreetPrefixName-18280933,StreetSuffixName-18280933,iction-18280933,e-18280933,ernalSystem-18280933,18280933,18280933,TownshipName-18280933,Building-18280933,r-18280933,r-18280933,r-11408744,r-11408744
s-18280934,s-18280934,2006-11-15T00:00:00.000Z,2004-04-20T00:00:00.000Z,0934,18280934-48fe-4d96-a4ab-d5f7882e3770,AdditionalStreetPrefixName-18280934,AdditionalStreetSuffixName-18280934,280934,CareOfName-18280934,ode-18280934,CityName-18280934,e-18280934,934,County-18280934,r-18280934,0934,District-18280934,0934,FullName-18280934,HomeCityName-18280934,r-18280934,t-18280934,34,x-18280934,POBoxDeviatingCityName-18280934,934,934,true,POBoxLobbyName-18280934,e-18280934,n-18280934,e-18280934,934,934,StreetName-18280934,StreetPrefixName-18280934,StreetSuffixName-18280934,iction-18280934,e-18280934,ernalSystem-18280934,18280934,18280934,TownshipName-18280934,Building-18280934,r-18280934,r-18280934,r-11408744,r-11408744
s-18280935,s-18280935,2018-05-26T00:00:00.000Z,2017-07-24T00:00:00.000Z,0935,18280935-c425-44b5-862a-3fb83da07103,AdditionalStreetPrefixName-18280935,AdditionalStreetSuffixName-18280935,280935,CareOfName-18280935,ode-18280935,CityName-18280935,e-18280935,935,County-18280935,r-18280935,0935,District-18280935,0935,FullName-18280935,HomeCityName-18280935,r-18280935,t-18280935,35,x-18280935,POBoxDeviatingCityName-18280935,935,935,false,POBoxLobbyName-18280935,e-18280935,n-18280935,e-18280935,935,935,StreetName-18280935,StreetPrefixName-18280935,StreetSuffixName-18280935,iction-18280935,e-18280935,ernalSystem-18280935,18280935,18280935,TownshipName-18280935,Building-18280935,r-18280935,r-18280935,r-11408744,r-11408744
s-18280936,s-18280936,2013-08-01T00:00:00.000Z,2022-06-04T00:00:00.000Z,0936,18280936-151c-4b10-b7e6-22a9165d98ff,AdditionalStreetPrefixName-18280936,AdditionalStreetSuffixName-18280936,280936,CareOfName-18280936,ode-18280936,CityName-18280936,e-18280936,936,County-18280936,r-18280936,0936,District-18280936,0936,FullName-18280936,HomeCityName-18280936,r-18280936,t-18280936,36,x-18280936,POBoxDeviatingCityName-18280936,936,936,true,POBoxLobbyName-18280936,e-18280936,n-18280936,e-18280936,936,936,StreetName-18280936,StreetPrefixName-18280936,StreetSuffixName-18280936,iction-18280936,e-18280936,ernalSystem-18280936,18280936,18280936,TownshipName-18280936,Building-18280936,r-18280936,r-18280936,r-11408744,r-11408744
s-18280937,s-18280937,2002-02-15T00:00:00.000Z,2022-04-22T00:00:00.000Z,0937,18280937-7cb4-4241-8fb9-7199bbcede19,AdditionalStreetPrefixName-18280937,AdditionalStreetSuffixName-18280937,280937,CareOfName-18280937,ode-18280937,CityName-18280937,e-18280937,937,County-18280937,r-18280937,0937,District-18280937,0937,FullName-18280937,HomeCityName-18280937,r-18280937,t-18280937,37,x-18280937,POBoxDeviatingCityName-18280937,937,937,false,POBoxLobbyName-18280937,e-18280937,n-18280937,e-18280937,937,937,StreetName-18280937,StreetPrefixName-18280937,StreetSuffixName-18280937,iction-18280937,e-18280937,ernalSystem-18280937,18280937,18280937,TownshipName-18280937,Building-18280937,r-18280937,r-18280937,r-11408744,r-11408744
s-18280938,s-18280938,2021-09-18T00:00:00.000Z,2002-06-24T00:00:00.000Z,0938,18280938-1ac1-41af-befb-3c596384295d,AdditionalStreetPrefixName-18280938,AdditionalStreetSuffixName-18280938,280938,CareOfName-18280938,ode-18280938,CityName-18280938,e-18280938,938,County-18280938,r-18280938,0938,District-18280938,0938,FullName-18280938,HomeCityName-18280938,r-18280938,t-18280938,38,x-18280938,POBoxDeviatingCityName-18280938,938,938,true,POBoxLobbyName-18280938,e-18280938,n-18280938,e-18280938,938,938,StreetName-18280938,StreetPrefixName-18280938,StreetSuffixName-18280938,iction-18280938,e-18280938,ernalSystem-18280938,18280938,18280938,TownshipName-18280938,Building-18280938,r-18280938,r-18280938,r-11408744,r-11408744
s-18280939,s-18280939,2023-01-10T00:00:00.000Z,2001-06-20T00:00:00.000Z,0939,18280939-6475-42d8-a705-05883811f44a,AdditionalStreetPrefixName-18280939,AdditionalStreetSuffixName-18280939,280939,CareOfName-18280939,ode-18280939,CityName-18280939,e-18280939,939,County-18280939,r-18280939,0939,District-18280939,0939,FullName-18280939,HomeCityName-18280939,r-18280939,t-18280939,39,x-18280939,POBoxDeviatingCityName-18280939,939,939,false,POBoxLobbyName-18280939,e-18280939,n-18280939,e-18280939,939,939,StreetName-18280939,StreetPrefixName-18280939,StreetSuffixName-18280939,iction-18280939,e-18280939,ernalSystem-18280939,18280939,18280939,TownshipName-18280939,Building-18280939,r-18280939,r-18280939,r-11408744,r-11408744
s-18280940,s-18280940,2019-08-18T00:00:00.000Z,2019-02-11T00:00:00.000Z,0940,18280940-aab3-4feb-8021-25a4d816db4e,AdditionalStreetPrefixName-18280940,AdditionalStreetSuffixName-18280940,280940,CareOfName-18280940,ode-18280940,CityName-18280940,e-18280940,940,County-18280940,r-18280940,0940,District-18280940,0940,FullName-18280940,HomeCityName-18280940,r-18280940,t-18280940,40,x-18280940,POBoxDeviatingCityName-18280940,940,940,true,POBoxLobbyName-18280940,e-18280940,n-18280940,e-18280940,940,940,StreetName-18280940,StreetPrefixName-18280940,StreetSuffixName-18280940,iction-18280940,e-18280940,ernalSystem-18280940,18280940,18280940,TownshipName-18280940,Building-18280940,r-18280940,r-18280940,r-11408744,r-11408744
s-18280941,s-18280941,2014-11-21T00:00:00.000Z,2008-10-23T00:00:00.000Z,0941,18280941-3c0d-4330-9350-568b71dfe1e2,AdditionalStreetPrefixName-18280941,AdditionalStreetSuffixName-18280941,280941,CareOfName-18280941,ode-18280941,CityName-18280941,e-18280941,941,County-18280941,r-18280941,0941,District-18280941,0941,FullName-18280941,HomeCityName-18280941,r-18280941,t-18280941,41,x-18280941,POBoxDeviatingCityName-18280941,941,941,false,POBoxLobbyName-18280941,e-18280941,n-18280941,e-18280941,941,941,StreetName-18280941,StreetPrefixName-18280941,StreetSuffixName-18280941,iction-18280941,e-18280941,ernalSystem-18280941,18280941,18280941,TownshipName-18280941,Building-18280941,r-18280941,r-18280941,r-11408744,r-11408744
s-18280942,s-18280942,2017-08-04T00:00:00.000Z,2020-10-05T00:00:00.000Z,0942,18280942-083a-425b-bcd9-1b3231a3c07a,AdditionalStreetPrefixName-18280942,AdditionalStreetSuffixName-18280942,280942,CareOfName-18280942,ode-18280942,CityName-18280942,e-18280942,942,County-18280942,r-18280942,0942,District-18280942,0942,FullName-18280942,HomeCityName-18280942,r-18280942,t-18280942,42,x-18280942,POBoxDeviatingCityName-18280942,942,942,true,POBoxLobbyName-18280942,e-18280942,n-18280942,e-18280942,942,942,StreetName-18280942,StreetPrefixName-18280942,StreetSuffixName-18280942,iction-18280942,e-18280942,ernalSystem-18280942,18280942,18280942,TownshipName-18280942,Building-18280942,r-18280942,r-18280942,r-11408744,r-11408744
s-18280943,s-18280943,2005-05-11T00:00:00.000Z,2004-03-13T00:00:00.000Z,0943,18280943-2b4a-43a9-a8fa-333023eb2c30,AdditionalStreetPrefixName-18280943,AdditionalStreetSuffixName-18280943,280943,CareOfName-18280943,ode-18280943,CityName-18280943,e-18280943,943,County-18280943,r-18280943,0943,District-18280943,0943,FullName-18280943,HomeCityName-18280943,r-18280943,t-18280943,43,x-18280943,POBoxDeviatingCityName-18280943,943,943,false,POBoxLobbyName-18280943,e-18280943,n-18280943,e-18280943,943,943,StreetName-18280943,StreetPrefixName-18280943,StreetSuffixName-18280943,iction-18280943,e-18280943,ernalSystem-18280943,18280943,18280943,TownshipName-18280943,Building-18280943,r-18280943,r-18280943,r-11408744,r-11408744
s-18280944,s-18280944,2000-06-22T00:00:00.000Z,2022-05-10T00:00:00.000Z,0944,18280944-4f21-45b2-a858-6f68efaf2e95,AdditionalStreetPrefixName-18280944,AdditionalStreetSuffixName-18280944,280944,CareOfName-18280944,ode-18280944,CityName-18280944,e-18280944,944,County-18280944,r-18280944,0944,District-18280944,0944,FullName-18280944,HomeCityName-18280944,r-18280944,t-18280944,44,x-18280944,POBoxDeviatingCityName-18280944,944,944,true,POBoxLobbyName-18280944,e-18280944,n-18280944,e-18280944,944,944,StreetName-18280944,StreetPrefixName-18280944,StreetSuffixName-18280944,iction-18280944,e-18280944,ernalSystem-18280944,18280944,18280944,TownshipName-18280944,Building-18280944,r-18280944,r-18280944,r-11408744,r-11408744
s-18280945,s-18280945,2013-10-23T00:00:00.000Z,2007-10-06T00:00:00.000Z,0945,18280945-a266-4908-94a3-acefa7486b57,AdditionalStreetPrefixName-18280945,AdditionalStreetSuffixName-18280945,280945,CareOfName-18280945,ode-18280945,CityName-18280945,e-18280945,945,County-18280945,r-18280945,0945,District-18280945,0945,FullName-18280945,HomeCityName-18280945,r-18280945,t-18280945,45,x-18280945,POBoxDeviatingCityName-18280945,945,945,false,POBoxLobbyName-18280945,e-18280945,n-18280945,e-18280945,945,945,StreetName-18280945,StreetPrefixName-18280945,StreetSuffixName-18280945,iction-18280945,e-18280945,ernalSystem-18280945,18280945,18280945,TownshipName-18280945,Building-18280945,r-18280945,r-18280945,r-11408744,r-11408744
s-18280946,s-18280946,2020-05-10T00:00:00.000Z,2000-07-19T00:00:00.000Z,0946,18280946-541f-4380-ad8c-a8cf836f626e,AdditionalStreetPrefixName-18280946,AdditionalStreetSuffixName-18280946,280946,CareOfName-18280946,ode-18280946,CityName-18280946,e-18280946,946,County-18280946,r-18280946,0946,District-18280946,0946,FullName-18280946,HomeCityName-18280946,r-18280946,t-18280946,46,x-18280946,POBoxDeviatingCityName-18280946,946,946,true,POBoxLobbyName-18280946,e-18280946,n-18280946,e-18280946,946,946,StreetName-18280946,StreetPrefixName-18280946,StreetSuffixName-18280946,iction-18280946,e-18280946,ernalSystem-18280946,18280946,18280946,TownshipName-18280946,Building-18280946,r-18280946,r-18280946,r-11408744,r-11408744
s-18280947,s-18280947,2000-12-20T00:00:00.000Z,2011-06-11T00:00:00.000Z,0947,18280947-2397-4fdc-8fd5-907e8d375553,AdditionalStreetPrefixName-18280947,AdditionalStreetSuffixName-18280947,280947,CareOfName-18280947,ode-18280947,CityName-18280947,e-18280947,947,County-18280947,r-18280947,0947,District-18280947,0947,FullName-18280947,HomeCityName-18280947,r-18280947,t-18280947,47,x-18280947,POBoxDeviatingCityName-18280947,947,947,false,POBoxLobbyName-18280947,e-18280947,n-18280947,e-18280947,947,947,StreetName-18280947,StreetPrefixName-18280947,StreetSuffixName-18280947,iction-18280947,e-18280947,ernalSystem-18280947,18280947,18280947,TownshipName-18280947,Building-18280947,r-18280947,r-18280947,r-11408744,r-11408744
s-18280948,s-18280948,2013-09-12T00:00:00.000Z,2011-05-15T00:00:00.000Z,0948,18280948-f120-45e4-9aca-abe7da5d41c9,AdditionalStreetPrefixName-18280948,AdditionalStreetSuffixName-18280948,280948,CareOfName-18280948,ode-18280948,CityName-18280948,e-18280948,948,County-18280948,r-18280948,0948,District-18280948,0948,FullName-18280948,HomeCityName-18280948,r-18280948,t-18280948,48,x-18280948,POBoxDeviatingCityName-18280948,948,948,true,POBoxLobbyName-18280948,e-18280948,n-18280948,e-18280948,948,948,StreetName-18280948,StreetPrefixName-18280948,StreetSuffixName-18280948,iction-18280948,e-18280948,ernalSystem-18280948,18280948,18280948,TownshipName-18280948,Building-18280948,r-18280948,r-18280948,r-11408744,r-11408744
s-18280949,s-18280949,2020-09-04T00:00:00.000Z,2013-04-18T00:00:00.000Z,0949,18280949-3655-4807-aa18-d8b210c2bd2b,AdditionalStreetPrefixName-18280949,AdditionalStreetSuffixName-18280949,280949,CareOfName-18280949,ode-18280949,CityName-18280949,e-18280949,949,County-18280949,r-18280949,0949,District-18280949,0949,FullName-18280949,HomeCityName-18280949,r-18280949,t-18280949,49,x-18280949,POBoxDeviatingCityName-18280949,949,949,false,POBoxLobbyName-18280949,e-18280949,n-18280949,e-18280949,949,949,StreetName-18280949,StreetPrefixName-18280949,StreetSuffixName-18280949,iction-18280949,e-18280949,ernalSystem-18280949,18280949,18280949,TownshipName-18280949,Building-18280949,r-18280949,r-18280949,r-11408744,r-11408744
s-18280950,s-18280950,2018-03-02T00:00:00.000Z,2007-09-30T00:00:00.000Z,0950,18280950-be01-4ae8-9991-ba8c321de55f,AdditionalStreetPrefixName-18280950,AdditionalStreetSuffixName-18280950,280950,CareOfName-18280950,ode-18280950,CityName-18280950,e-18280950,950,County-18280950,r-18280950,0950,District-18280950,0950,FullName-18280950,HomeCityName-18280950,r-18280950,t-18280950,50,x-18280950,POBoxDeviatingCityName-18280950,950,950,true,POBoxLobbyName-18280950,e-18280950,n-18280950,e-18280950,950,950,StreetName-18280950,StreetPrefixName-18280950,StreetSuffixName-18280950,iction-18280950,e-18280950,ernalSystem-18280950,18280950,18280950,TownshipName-18280950,Building-18280950,r-18280950,r-18280950,r-11408744,r-11408744
s-18280951,s-18280951,2007-07-06T00:00:00.000Z,2017-06-15T00:00:00.000Z,0951,18280951-fe24-420a-b2ba-e71efadba360,AdditionalStreetPrefixName-18280951,AdditionalStreetSuffixName-18280951,280951,CareOfName-18280951,ode-18280951,CityName-18280951,e-18280951,951,County-18280951,r-18280951,0951,District-18280951,0951,FullName-18280951,HomeCityName-18280951,r-18280951,t-18280951,51,x-18280951,POBoxDeviatingCityName-18280951,951,951,false,POBoxLobbyName-18280951,e-18280951,n-18280951,e-18280951,951,951,StreetName-18280951,StreetPrefixName-18280951,StreetSuffixName-18280951,iction-18280951,e-18280951,ernalSystem-18280951,18280951,18280951,TownshipName-18280951,Building-18280951,r-18280951,r-18280951,r-11408744,r-11408744
s-18280952,s-18280952,2003-01-27T00:00:00.000Z,2009-07-02T00:00:00.000Z,0952,18280952-243d-4a2c-9ebc-561dc52ae0b1,AdditionalStreetPrefixName-18280952,AdditionalStreetSuffixName-18280952,280952,CareOfName-18280952,ode-18280952,CityName-18280952,e-18280952,952,County-18280952,r-18280952,0952,District-18280952,0952,FullName-18280952,HomeCityName-18280952,r-18280952,t-18280952,52,x-18280952,POBoxDeviatingCityName-18280952,952,952,true,POBoxLobbyName-18280952,e-18280952,n-18280952,e-18280952,952,952,StreetName-18280952,StreetPrefixName-18280952,StreetSuffixName-18280952,iction-18280952,e-18280952,ernalSystem-18280952,18280952,18280952,TownshipName-18280952,Building-18280952,r-18280952,r-18280952,r-11408744,r-11408744
s-18280953,s-18280953,2011-11-02T00:00:00.000Z,2017-11-25T00:00:00.000Z,0953,18280953-8bf1-490d-847c-cab4942a3c05,AdditionalStreetPrefixName-18280953,AdditionalStreetSuffixName-18280953,280953,CareOfName-18280953,ode-18280953,CityName-18280953,e-18280953,953,County-18280953,r-18280953,0953,District-18280953,0953,FullName-18280953,HomeCityName-18280953,r-18280953,t-18280953,53,x-18280953,POBoxDeviatingCityName-18280953,953,953,false,POBoxLobbyName-18280953,e-18280953,n-18280953,e-18280953,953,953,StreetName-18280953,StreetPrefixName-18280953,StreetSuffixName-18280953,iction-18280953,e-18280953,ernalSystem-18280953,18280953,18280953,TownshipName-18280953,Building-18280953,r-18280953,r-18280953,r-11408744,r-11408744
s-18280954,s-18280954,2010-11-11T00:00:00.000Z,2017-09-11T00:00:00.000Z,0954,18280954-6326-48fb-9da0-0ccc4063eecd,AdditionalStreetPrefixName-18280954,AdditionalStreetSuffixName-18280954,280954,CareOfName-18280954,ode-18280954,CityName-18280954,e-18280954,954,County-18280954,r-18280954,0954,District-18280954,0954,FullName-18280954,HomeCityName-18280954,r-18280954,t-18280954,54,x-18280954,POBoxDeviatingCityName-18280954,954,954,true,POBoxLobbyName-18280954,e-18280954,n-18280954,e-18280954,954,954,StreetName-18280954,StreetPrefixName-18280954,StreetSuffixName-18280954,iction-18280954,e-18280954,ernalSystem-18280954,18280954,18280954,TownshipName-18280954,Building-18280954,r-18280954,r-18280954,r-11408744,r-11408744
s-18280955,s-18280955,2011-05-23T00:00:00.000Z,2001-07-05T00:00:00.000Z,0955,18280955-faf7-4c59-9a2c-6fa307f08c1c,AdditionalStreetPrefixName-18280955,AdditionalStreetSuffixName-18280955,280955,CareOfName-18280955,ode-18280955,CityName-18280955,e-18280955,955,County-18280955,r-18280955,0955,District-18280955,0955,FullName-18280955,HomeCityName-18280955,r-18280955,t-18280955,55,x-18280955,POBoxDeviatingCityName-18280955,955,955,false,POBoxLobbyName-18280955,e-18280955,n-18280955,e-18280955,955,955,StreetName-18280955,StreetPrefixName-18280955,StreetSuffixName-18280955,iction-18280955,e-18280955,ernalSystem-18280955,18280955,18280955,TownshipName-18280955,Building-18280955,r-18280955,r-18280955,r-11408744,r-11408744
s-18280956,s-18280956,2019-04-17T00:00:00.000Z,2023-09-06T00:00:00.000Z,0956,18280956-d5a2-4dcb-9a14-581c1690e3a7,AdditionalStreetPrefixName-18280956,AdditionalStreetSuffixName-18280956,280956,CareOfName-18280956,ode-18280956,CityName-18280956,e-18280956,956,County-18280956,r-18280956,0956,District-18280956,0956,FullName-18280956,HomeCityName-18280956,r-18280956,t-18280956,56,x-18280956,POBoxDeviatingCityName-18280956,956,956,true,POBoxLobbyName-18280956,e-18280956,n-18280956,e-18280956,956,956,StreetName-18280956,StreetPrefixName-18280956,StreetSuffixName-18280956,iction-18280956,e-18280956,ernalSystem-18280956,18280956,18280956,TownshipName-18280956,Building-18280956,r-18280956,r-18280956,r-11408744,r-11408744
s-18280957,s-18280957,2013-08-16T00:00:00.000Z,2015-01-28T00:00:00.000Z,0957,18280957-f57f-441b-a1db-74c0d351ce8b,AdditionalStreetPrefixName-18280957,AdditionalStreetSuffixName-18280957,280957,CareOfName-18280957,ode-18280957,CityName-18280957,e-18280957,957,County-18280957,r-18280957,0957,District-18280957,0957,FullName-18280957,HomeCityName-18280957,r-18280957,t-18280957,57,x-18280957,POBoxDeviatingCityName-18280957,957,957,false,POBoxLobbyName-18280957,e-18280957,n-18280957,e-18280957,957,957,StreetName-18280957,StreetPrefixName-18280957,StreetSuffixName-18280957,iction-18280957,e-18280957,ernalSystem-18280957,18280957,18280957,TownshipName-18280957,Building-18280957,r-18280957,r-18280957,r-11408744,r-11408744
s-18280958,s-18280958,2014-05-08T00:00:00.000Z,2005-03-07T00:00:00.000Z,0958,18280958-bf07-4cb6-a08b-66a07672f4b0,AdditionalStreetPrefixName-18280958,AdditionalStreetSuffixName-18280958,280958,CareOfName-18280958,ode-18280958,CityName-18280958,e-18280958,958,County-18280958,r-18280958,0958,District-18280958,0958,FullName-18280958,HomeCityName-18280958,r-18280958,t-18280958,58,x-18280958,POBoxDeviatingCityName-18280958,958,958,true,POBoxLobbyName-18280958,e-18280958,n-18280958,e-18280958,958,958,StreetName-18280958,StreetPrefixName-18280958,StreetSuffixName-18280958,iction-18280958,e-18280958,ernalSystem-18280958,18280958,18280958,TownshipName-18280958,Building-18280958,r-18280958,r-18280958,r-11408744,r-11408744
s-18280959,s-18280959,2005-04-09T00:00:00.000Z,2017-11-21T00:00:00.000Z,0959,18280959-3bea-4144-b9f0-d43dd66ef187,AdditionalStreetPrefixName-18280959,AdditionalStreetSuffixName-18280959,280959,CareOfName-18280959,ode-18280959,CityName-18280959,e-18280959,959,County-18280959,r-18280959,0959,District-18280959,0959,FullName-18280959,HomeCityName-18280959,r-18280959,t-18280959,59,x-18280959,POBoxDeviatingCityName-18280959,959,959,false,POBoxLobbyName-18280959,e-18280959,n-18280959,e-18280959,959,959,StreetName-18280959,StreetPrefixName-18280959,StreetSuffixName-18280959,iction-18280959,e-18280959,ernalSystem-18280959,18280959,18280959,TownshipName-18280959,Building-18280959,r-18280959,r-18280959,r-11408744,r-11408744
s-18280960,s-18280960,2004-06-22T00:00:00.000Z,2019-01-16T00:00:00.000Z,0960,18280960-3e5d-46cb-98db-d604494bd930,AdditionalStreetPrefixName-18280960,AdditionalStreetSuffixName-18280960,280960,CareOfName-18280960,ode-18280960,CityName-18280960,e-18280960,960,County-18280960,r-18280960,0960,District-18280960,0960,FullName-18280960,HomeCityName-18280960,r-18280960,t-18280960,60,x-18280960,POBoxDeviatingCityName-18280960,960,960,true,POBoxLobbyName-18280960,e-18280960,n-18280960,e-18280960,960,960,StreetName-18280960,StreetPrefixName-18280960,StreetSuffixName-18280960,iction-18280960,e-18280960,ernalSystem-18280960,18280960,18280960,TownshipName-18280960,Building-18280960,r-18280960,r-18280960,r-11408744,r-11408744
s-18280961,s-18280961,2018-12-22T00:00:00.000Z,2013-09-21T00:00:00.000Z,0961,18280961-718b-49db-83a9-d5a0b1a90905,AdditionalStreetPrefixName-18280961,AdditionalStreetSuffixName-18280961,280961,CareOfName-18280961,ode-18280961,CityName-18280961,e-18280961,961,County-18280961,r-18280961,0961,District-18280961,0961,FullName-18280961,HomeCityName-18280961,r-18280961,t-18280961,61,x-18280961,POBoxDeviatingCityName-18280961,961,961,false,POBoxLobbyName-18280961,e-18280961,n-18280961,e-18280961,961,961,StreetName-18280961,StreetPrefixName-18280961,StreetSuffixName-18280961,iction-18280961,e-18280961,ernalSystem-18280961,18280961,18280961,TownshipName-18280961,Building-18280961,r-18280961,r-18280961,r-11408744,r-11408744
s-18280962,s-18280962,2008-08-09T00:00:00.000Z,2016-01-19T00:00:00.000Z,0962,18280962-beda-4de1-b6d6-aa9a10d0a9ae,AdditionalStreetPrefixName-18280962,AdditionalStreetSuffixName-18280962,280962,CareOfName-18280962,ode-18280962,CityName-18280962,e-18280962,962,County-18280962,r-18280962,0962,District-18280962,0962,FullName-18280962,HomeCityName-18280962,r-18280962,t-18280962,62,x-18280962,POBoxDeviatingCityName-18280962,962,962,true,POBoxLobbyName-18280962,e-18280962,n-18280962,e-18280962,962,962,StreetName-18280962,StreetPrefixName-18280962,StreetSuffixName-18280962,iction-18280962,e-18280962,ernalSystem-18280962,18280962,18280962,TownshipName-18280962,Building-18280962,r-18280962,r-18280962,r-11408744,r-11408744
s-18280963,s-18280963,2023-02-19T00:00:00.000Z,2011-08-18T00:00:00.000Z,0963,18280963-bb43-4cdd-8b98-d33737434541,AdditionalStreetPrefixName-18280963,AdditionalStreetSuffixName-18280963,280963,CareOfName-18280963,ode-18280963,CityName-18280963,e-18280963,963,County-18280963,r-18280963,0963,District-18280963,0963,FullName-18280963,HomeCityName-18280963,r-18280963,t-18280963,63,x-18280963,POBoxDeviatingCityName-18280963,963,963,false,POBoxLobbyName-18280963,e-18280963,n-18280963,e-18280963,963,963,StreetName-18280963,StreetPrefixName-18280963,StreetSuffixName-18280963,iction-18280963,e-18280963,ernalSystem-18280963,18280963,18280963,TownshipName-18280963,Building-18280963,r-18280963,r-18280963,r-11408744,r-11408744
s-18280964,s-18280964,2023-05-04T00:00:00.000Z,2022-11-04T00:00:00.000Z,0964,18280964-4054-4a31-a1b5-803a53a7f18f,AdditionalStreetPrefixName-18280964,AdditionalStreetSuffixName-18280964,280964,CareOfName-18280964,ode-18280964,CityName-18280964,e-18280964,964,County-18280964,r-18280964,0964,District-18280964,0964,FullName-18280964,HomeCityName-18280964,r-18280964,t-18280964,64,x-18280964,POBoxDeviatingCityName-18280964,964,964,true,POBoxLobbyName-18280964,e-18280964,n-18280964,e-18280964,964,964,StreetName-18280964,StreetPrefixName-18280964,StreetSuffixName-18280964,iction-18280964,e-18280964,ernalSystem-18280964,18280964,18280964,TownshipName-18280964,Building-18280964,r-18280964,r-18280964,r-11408744,r-11408744
s-18280965,s-18280965,2001-04-06T00:00:00.000Z,2020-07-12T00:00:00.000Z,0965,18280965-8429-465f-bf81-269ab29b50d4,AdditionalStreetPrefixName-18280965,AdditionalStreetSuffixName-18280965,280965,CareOfName-18280965,ode-18280965,CityName-18280965,e-18280965,965,County-18280965,r-18280965,0965,District-18280965,0965,FullName-18280965,HomeCityName-18280965,r-18280965,t-18280965,65,x-18280965,POBoxDeviatingCityName-18280965,965,965,false,POBoxLobbyName-18280965,e-18280965,n-18280965,e-18280965,965,965,StreetName-18280965,StreetPrefixName-18280965,StreetSuffixName-18280965,iction-18280965,e-18280965,ernalSystem-18280965,18280965,18280965,TownshipName-18280965,Building-18280965,r-18280965,r-18280965,r-11408744,r-11408744
s-18280966,s-18280966,2008-11-01T00:00:00.000Z,2013-03-30T00:00:00.000Z,0966,18280966-1c2b-4dad-94c4-a2f8cb12a3d3,AdditionalStreetPrefixName-18280966,AdditionalStreetSuffixName-18280966,280966,CareOfName-18280966,ode-18280966,CityName-18280966,e-18280966,966,County-18280966,r-18280966,0966,District-18280966,0966,FullName-18280966,HomeCityName-18280966,r-18280966,t-18280966,66,x-18280966,POBoxDeviatingCityName-18280966,966,966,true,POBoxLobbyName-18280966,e-18280966,n-18280966,e-18280966,966,966,StreetName-18280966,StreetPrefixName-18280966,StreetSuffixName-18280966,iction-18280966,e-18280966,ernalSystem-18280966,18280966,18280966,TownshipName-18280966,Building-18280966,r-18280966,r-18280966,r-11408744,r-11408744
s-18280967,s-18280967,2002-11-08T00:00:00.000Z,2021-06-05T00:00:00.000Z,0967,18280967-81b8-4501-b88e-d95727ca8e3b,AdditionalStreetPrefixName-18280967,AdditionalStreetSuffixName-18280967,280967,CareOfName-18280967,ode-18280967,CityName-18280967,e-18280967,967,County-18280967,r-18280967,0967,District-18280967,0967,FullName-18280967,HomeCityName-18280967,r-18280967,t-18280967,67,x-18280967,POBoxDeviatingCityName-18280967,967,967,false,POBoxLobbyName-18280967,e-18280967,n-18280967,e-18280967,967,967,StreetName-18280967,StreetPrefixName-18280967,StreetSuffixName-18280967,iction-18280967,e-18280967,ernalSystem-18280967,18280967,18280967,TownshipName-18280967,Building-18280967,r-18280967,r-18280967,r-11408744,r-11408744
s-18280968,s-18280968,2005-12-24T00:00:00.000Z,2016-06-14T00:00:00.000Z,0968,18280968-6c97-492a-9541-ded22bfe9264,AdditionalStreetPrefixName-18280968,AdditionalStreetSuffixName-18280968,280968,CareOfName-18280968,ode-18280968,CityName-18280968,e-18280968,968,County-18280968,r-18280968,0968,District-18280968,0968,FullName-18280968,HomeCityName-18280968,r-18280968,t-18280968,68,x-18280968,POBoxDeviatingCityName-18280968,968,968,true,POBoxLobbyName-18280968,e-18280968,n-18280968,e-18280968,968,968,StreetName-18280968,StreetPrefixName-18280968,StreetSuffixName-18280968,iction-18280968,e-18280968,ernalSystem-18280968,18280968,18280968,TownshipName-18280968,Building-18280968,r-18280968,r-18280968,r-11408744,r-11408744
s-18280969,s-18280969,2016-01-25T00:00:00.000Z,2005-10-06T00:00:00.000Z,0969,18280969-46cb-4a32-b543-14fef42447a5,AdditionalStreetPrefixName-18280969,AdditionalStreetSuffixName-18280969,280969,CareOfName-18280969,ode-18280969,CityName-18280969,e-18280969,969,County-18280969,r-18280969,0969,District-18280969,0969,FullName-18280969,HomeCityName-18280969,r-18280969,t-18280969,69,x-18280969,POBoxDeviatingCityName-18280969,969,969,false,POBoxLobbyName-18280969,e-18280969,n-18280969,e-18280969,969,969,StreetName-18280969,StreetPrefixName-18280969,StreetSuffixName-18280969,iction-18280969,e-18280969,ernalSystem-18280969,18280969,18280969,TownshipName-18280969,Building-18280969,r-18280969,r-18280969,r-11408744,r-11408744
s-18280970,s-18280970,2014-07-04T00:00:00.000Z,2016-11-04T00:00:00.000Z,0970,18280970-eaf0-4ff5-ac0d-f097cf0ba299,AdditionalStreetPrefixName-18280970,AdditionalStreetSuffixName-18280970,280970,CareOfName-18280970,ode-18280970,CityName-18280970,e-18280970,970,County-18280970,r-18280970,0970,District-18280970,0970,FullName-18280970,HomeCityName-18280970,r-18280970,t-18280970,70,x-18280970,POBoxDeviatingCityName-18280970,970,970,true,POBoxLobbyName-18280970,e-18280970,n-18280970,e-18280970,970,970,StreetName-18280970,StreetPrefixName-18280970,StreetSuffixName-18280970,iction-18280970,e-18280970,ernalSystem-18280970,18280970,18280970,TownshipName-18280970,Building-18280970,r-18280970,r-18280970,r-11408744,r-11408744
s-18280971,s-18280971,2000-01-08T00:00:00.000Z,2006-06-26T00:00:00.000Z,0971,18280971-ec78-4a1a-8a10-9d6882dd1b3b,AdditionalStreetPrefixName-18280971,AdditionalStreetSuffixName-18280971,280971,CareOfName-18280971,ode-18280971,CityName-18280971,e-18280971,971,County-18280971,r-18280971,0971,District-18280971,0971,FullName-18280971,HomeCityName-18280971,r-18280971,t-18280971,71,x-18280971,POBoxDeviatingCityName-18280971,971,971,false,POBoxLobbyName-18280971,e-18280971,n-18280971,e-18280971,971,971,StreetName-18280971,StreetPrefixName-18280971,StreetSuffixName-18280971,iction-18280971,e-18280971,ernalSystem-18280971,18280971,18280971,TownshipName-18280971,Building-18280971,r-18280971,r-18280971,r-11408744,r-11408744
s-18280972,s-18280972,2010-03-12T00:00:00.000Z,2008-07-06T00:00:00.000Z,0972,18280972-0f60-44e7-ac1b-99c82b5b4ec1,AdditionalStreetPrefixName-18280972,AdditionalStreetSuffixName-18280972,280972,CareOfName-18280972,ode-18280972,CityName-18280972,e-18280972,972,County-18280972,r-18280972,0972,District-18280972,0972,FullName-18280972,HomeCityName-18280972,r-18280972,t-18280972,72,x-18280972,POBoxDeviatingCityName-18280972,972,972,true,POBoxLobbyName-18280972,e-18280972,n-18280972,e-18280972,972,972,StreetName-18280972,StreetPrefixName-18280972,StreetSuffixName-18280972,iction-18280972,e-18280972,ernalSystem-18280972,18280972,18280972,TownshipName-18280972,Building-18280972,r-18280972,r-18280972,r-11408744,r-11408744
s-18280973,s-18280973,2009-11-15T00:00:00.000Z,2004-05-07T00:00:00.000Z,0973,18280973-7f1a-4974-b18b-c10550a7efe1,AdditionalStreetPrefixName-18280973,AdditionalStreetSuffixName-18280973,280973,CareOfName-18280973,ode-18280973,CityName-18280973,e-18280973,973,County-18280973,r-18280973,0973,District-18280973,0973,FullName-18280973,HomeCityName-18280973,r-18280973,t-18280973,73,x-18280973,POBoxDeviatingCityName-18280973,973,973,false,POBoxLobbyName-18280973,e-18280973,n-18280973,e-18280973,973,973,StreetName-18280973,StreetPrefixName-18280973,StreetSuffixName-18280973,iction-18280973,e-18280973,ernalSystem-18280973,18280973,18280973,TownshipName-18280973,Building-18280973,r-18280973,r-18280973,r-11408744,r-11408744
s-18280974,s-18280974,2022-02-23T00:00:00.000Z,2021-02-15T00:00:00.000Z,0974,18280974-08df-4846-b1ee-0f9243173cc6,AdditionalStreetPrefixName-18280974,AdditionalStreetSuffixName-18280974,280974,CareOfName-18280974,ode-18280974,CityName-18280974,e-18280974,974,County-18280974,r-18280974,0974,District-18280974,0974,FullName-18280974,HomeCityName-18280974,r-18280974,t-18280974,74,x-18280974,POBoxDeviatingCityName-18280974,974,974,true,POBoxLobbyName-18280974,e-18280974,n-18280974,e-18280974,974,974,StreetName-18280974,StreetPrefixName-18280974,StreetSuffixName-18280974,iction-18280974,e-18280974,ernalSystem-18280974,18280974,18280974,TownshipName-18280974,Building-18280974,r-18280974,r-18280974,r-11408744,r-11408744
s-18280975,s-18280975,2015-06-30T00:00:00.000Z,2012-07-08T00:00:00.000Z,0975,18280975-2bd3-418b-8c85-3ee9277ac88b,AdditionalStreetPrefixName-18280975,AdditionalStreetSuffixName-18280975,280975,CareOfName-18280975,ode-18280975,CityName-18280975,e-18280975,975,County-18280975,r-18280975,0975,District-18280975,0975,FullName-18280975,HomeCityName-18280975,r-18280975,t-18280975,75,x-18280975,POBoxDeviatingCityName-18280975,975,975,false,POBoxLobbyName-18280975,e-18280975,n-18280975,e-18280975,975,975,StreetName-18280975,StreetPrefixName-18280975,StreetSuffixName-18280975,iction-18280975,e-18280975,ernalSystem-18280975,18280975,18280975,TownshipName-18280975,Building-18280975,r-18280975,r-18280975,r-11408744,r-11408744
s-18280976,s-18280976,2003-07-02T00:00:00.000Z,2011-04-10T00:00:00.000Z,0976,18280976-25c1-4458-ba05-0e25200770ea,AdditionalStreetPrefixName-18280976,AdditionalStreetSuffixName-18280976,280976,CareOfName-18280976,ode-18280976,CityName-18280976,e-18280976,976,County-18280976,r-18280976,0976,District-18280976,0976,FullName-18280976,HomeCityName-18280976,r-18280976,t-18280976,76,x-18280976,POBoxDeviatingCityName-18280976,976,976,true,POBoxLobbyName-18280976,e-18280976,n-18280976,e-18280976,976,976,StreetName-18280976,StreetPrefixName-18280976,StreetSuffixName-18280976,iction-18280976,e-18280976,ernalSystem-18280976,18280976,18280976,TownshipName-18280976,Building-18280976,r-18280976,r-18280976,r-11408744,r-11408744
s-18280977,s-18280977,2021-07-14T00:00:00.000Z,2016-06-22T00:00:00.000Z,0977,18280977-af43-4dff-ad67-091dcef5b5a2,AdditionalStreetPrefixName-18280977,AdditionalStreetSuffixName-18280977,280977,CareOfName-18280977,ode-18280977,CityName-18280977,e-18280977,977,County-18280977,r-18280977,0977,District-18280977,0977,FullName-18280977,HomeCityName-18280977,r-18280977,t-18280977,77,x-18280977,POBoxDeviatingCityName-18280977,977,977,false,POBoxLobbyName-18280977,e-18280977,n-18280977,e-18280977,977,977,StreetName-18280977,StreetPrefixName-18280977,StreetSuffixName-18280977,iction-18280977,e-18280977,ernalSystem-18280977,18280977,18280977,TownshipName-18280977,Building-18280977,r-18280977,r-18280977,r-11408744,r-11408744
s-18280978,s-18280978,2016-03-22T00:00:00.000Z,2010-06-11T00:00:00.000Z,0978,18280978-cc14-4203-b239-fbb61fe8e5af,AdditionalStreetPrefixName-18280978,AdditionalStreetSuffixName-18280978,280978,CareOfName-18280978,ode-18280978,CityName-18280978,e-18280978,978,County-18280978,r-18280978,0978,District-18280978,0978,FullName-18280978,HomeCityName-18280978,r-18280978,t-18280978,78,x-18280978,POBoxDeviatingCityName-18280978,978,978,true,POBoxLobbyName-18280978,e-18280978,n-18280978,e-18280978,978,978,StreetName-18280978,StreetPrefixName-18280978,StreetSuffixName-18280978,iction-18280978,e-18280978,ernalSystem-18280978,18280978,18280978,TownshipName-18280978,Building-18280978,r-18280978,r-18280978,r-11408744,r-11408744
s-18280979,s-18280979,2013-03-26T00:00:00.000Z,2001-01-29T00:00:00.000Z,0979,18280979-34e8-4545-8093-15680de92825,AdditionalStreetPrefixName-18280979,AdditionalStreetSuffixName-18280979,280979,CareOfName-18280979,ode-18280979,CityName-18280979,e-18280979,979,County-18280979,r-18280979,0979,District-18280979,0979,FullName-18280979,HomeCityName-18280979,r-18280979,t-18280979,79,x-18280979,POBoxDeviatingCityName-18280979,979,979,false,POBoxLobbyName-18280979,e-18280979,n-18280979,e-18280979,979,979,StreetName-18280979,StreetPrefixName-18280979,StreetSuffixName-18280979,iction-18280979,e-18280979,ernalSystem-18280979,18280979,18280979,TownshipName-18280979,Building-18280979,r-18280979,r-18280979,r-11408744,r-11408744
s-18280980,s-18280980,2016-05-21T00:00:00.000Z,2006-02-28T00:00:00.000Z,0980,18280980-aab0-459c-a63e-63af21bcbe5e,AdditionalStreetPrefixName-18280980,AdditionalStreetSuffixName-18280980,280980,CareOfName-18280980,ode-18280980,CityName-18280980,e-18280980,980,County-18280980,r-18280980,0980,District-18280980,0980,FullName-18280980,HomeCityName-18280980,r-18280980,t-18280980,80,x-18280980,POBoxDeviatingCityName-18280980,980,980,true,POBoxLobbyName-18280980,e-18280980,n-18280980,e-18280980,980,980,StreetName-18280980,StreetPrefixName-18280980,StreetSuffixName-18280980,iction-18280980,e-18280980,ernalSystem-18280980,18280980,18280980,TownshipName-18280980,Building-18280980,r-18280980,r-18280980,r-11408744,r-11408744
s-18280981,s-18280981,2019-01-04T00:00:00.000Z,2023-06-13T00:00:00.000Z,0981,18280981-aa39-4062-a823-e3d72ce1479c,AdditionalStreetPrefixName-18280981,AdditionalStreetSuffixName-18280981,280981,CareOfName-18280981,ode-18280981,CityName-18280981,e-18280981,981,County-18280981,r-18280981,0981,District-18280981,0981,FullName-18280981,HomeCityName-18280981,r-18280981,t-18280981,81,x-18280981,POBoxDeviatingCityName-18280981,981,981,false,POBoxLobbyName-18280981,e-18280981,n-18280981,e-18280981,981,981,StreetName-18280981,StreetPrefixName-18280981,StreetSuffixName-18280981,iction-18280981,e-18280981,ernalSystem-18280981,18280981,18280981,TownshipName-18280981,Building-18280981,r-18280981,r-18280981,r-11408744,r-11408744
s-18280982,s-18280982,2012-03-29T00:00:00.000Z,2022-02-02T00:00:00.000Z,0982,18280982-0a93-440f-aab9-46239075db2e,AdditionalStreetPrefixName-18280982,AdditionalStreetSuffixName-18280982,280982,CareOfName-18280982,ode-18280982,CityName-18280982,e-18280982,982,County-18280982,r-18280982,0982,District-18280982,0982,FullName-18280982,HomeCityName-18280982,r-18280982,t-18280982,82,x-18280982,POBoxDeviatingCityName-18280982,982,982,true,POBoxLobbyName-18280982,e-18280982,n-18280982,e-18280982,982,982,StreetName-18280982,StreetPrefixName-18280982,StreetSuffixName-18280982,iction-18280982,e-18280982,ernalSystem-18280982,18280982,18280982,TownshipName-18280982,Building-18280982,r-18280982,r-18280982,r-11408744,r-11408744
s-18280983,s-18280983,2013-01-24T00:00:00.000Z,2014-08-10T00:00:00.000Z,0983,18280983-5174-4528-8a0b-1636d9d88814,AdditionalStreetPrefixName-18280983,AdditionalStreetSuffixName-18280983,280983,CareOfName-18280983,ode-18280983,CityName-18280983,e-18280983,983,County-18280983,r-18280983,0983,District-18280983,0983,FullName-18280983,HomeCityName-18280983,r-18280983,t-18280983,83,x-18280983,POBoxDeviatingCityName-18280983,983,983,false,POBoxLobbyName-18280983,e-18280983,n-18280983,e-18280983,983,983,StreetName-18280983,StreetPrefixName-18280983,StreetSuffixName-18280983,iction-18280983,e-18280983,ernalSystem-18280983,18280983,18280983,TownshipName-18280983,Building-18280983,r-18280983,r-18280983,r-11408744,r-11408744
s-18280984,s-18280984,2009-01-30T00:00:00.000Z,2000-10-26T00:00:00.000Z,0984,18280984-38b3-43f7-9750-df277b6f970c,AdditionalStreetPrefixName-18280984,AdditionalStreetSuffixName-18280984,280984,CareOfName-18280984,ode-18280984,CityName-18280984,e-18280984,984,County-18280984,r-18280984,0984,District-18280984,0984,FullName-18280984,HomeCityName-18280984,r-18280984,t-18280984,84,x-18280984,POBoxDeviatingCityName-18280984,984,984,true,POBoxLobbyName-18280984,e-18280984,n-18280984,e-18280984,984,984,StreetName-18280984,StreetPrefixName-18280984,StreetSuffixName-18280984,iction-18280984,e-18280984,ernalSystem-18280984,18280984,18280984,TownshipName-18280984,Building-18280984,r-18280984,r-18280984,r-11408744,r-11408744
s-18280985,s-18280985,2008-06-26T00:00:00.000Z,2007-07-13T00:00:00.000Z,0985,18280985-080b-4edb-99d7-4a33eac76b77,AdditionalStreetPrefixName-18280985,AdditionalStreetSuffixName-18280985,280985,CareOfName-18280985,ode-18280985,CityName-18280985,e-18280985,985,County-18280985,r-18280985,0985,District-18280985,0985,FullName-18280985,HomeCityName-18280985,r-18280985,t-18280985,85,x-18280985,POBoxDeviatingCityName-18280985,985,985,false,POBoxLobbyName-18280985,e-18280985,n-18280985,e-18280985,985,985,StreetName-18280985,StreetPrefixName-18280985,StreetSuffixName-18280985,iction-18280985,e-18280985,ernalSystem-18280985,18280985,18280985,TownshipName-18280985,Building-18280985,r-18280985,r-18280985,r-11408744,r-11408744
s-18280986,s-18280986,2018-12-27T00:00:00.000Z,2017-12-31T00:00:00.000Z,0986,18280986-0de4-4976-a01b-71e3d41b5f95,AdditionalStreetPrefixName-18280986,AdditionalStreetSuffixName-18280986,280986,CareOfName-18280986,ode-18280986,CityName-18280986,e-18280986,986,County-18280986,r-18280986,0986,District-18280986,0986,FullName-18280986,HomeCityName-18280986,r-18280986,t-18280986,86,x-18280986,POBoxDeviatingCityName-18280986,986,986,true,POBoxLobbyName-18280986,e-18280986,n-18280986,e-18280986,986,986,StreetName-18280986,StreetPrefixName-18280986,StreetSuffixName-18280986,iction-18280986,e-18280986,ernalSystem-18280986,18280986,18280986,TownshipName-18280986,Building-18280986,r-18280986,r-18280986,r-11408744,r-11408744
s-18280987,s-18280987,2008-10-28T00:00:00.000Z,2009-02-11T00:00:00.000Z,0987,18280987-8799-4a6a-9c98-4d0e7ec115e0,AdditionalStreetPrefixName-18280987,AdditionalStreetSuffixName-18280987,280987,CareOfName-18280987,ode-18280987,CityName-18280987,e-18280987,987,County-18280987,r-18280987,0987,District-18280987,0987,FullName-18280987,HomeCityName-18280987,r-18280987,t-18280987,87,x-18280987,POBoxDeviatingCityName-18280987,987,987,false,POBoxLobbyName-18280987,e-18280987,n-18280987,e-18280987,987,987,StreetName-18280987,StreetPrefixName-18280987,StreetSuffixName-18280987,iction-18280987,e-18280987,ernalSystem-18280987,18280987,18280987,TownshipName-18280987,Building-18280987,r-18280987,r-18280987,r-11408744,r-11408744
s-18280988,s-18280988,2013-05-02T00:00:00.000Z,2019-04-08T00:00:00.000Z,0988,18280988-bc01-49c2-9143-fdcb154f7c66,AdditionalStreetPrefixName-18280988,AdditionalStreetSuffixName-18280988,280988,CareOfName-18280988,ode-18280988,CityName-18280988,e-18280988,988,County-18280988,r-18280988,0988,District-18280988,0988,FullName-18280988,HomeCityName-18280988,r-18280988,t-18280988,88,x-18280988,POBoxDeviatingCityName-18280988,988,988,true,POBoxLobbyName-18280988,e-18280988,n-18280988,e-18280988,988,988,StreetName-18280988,StreetPrefixName-18280988,StreetSuffixName-18280988,iction-18280988,e-18280988,ernalSystem-18280988,18280988,18280988,TownshipName-18280988,Building-18280988,r-18280988,r-18280988,r-11408744,r-11408744
s-18280989,s-18280989,2004-03-31T00:00:00.000Z,2010-06-28T00:00:00.000Z,0989,18280989-c415-44aa-9047-a2378dbd649b,AdditionalStreetPrefixName-18280989,AdditionalStreetSuffixName-18280989,280989,CareOfName-18280989,ode-18280989,CityName-18280989,e-18280989,989,County-18280989,r-18280989,0989,District-18280989,0989,FullName-18280989,HomeCityName-18280989,r-18280989,t-18280989,89,x-18280989,POBoxDeviatingCityName-18280989,989,989,false,POBoxLobbyName-18280989,e-18280989,n-18280989,e-18280989,989,989,StreetName-18280989,StreetPrefixName-18280989,StreetSuffixName-18280989,iction-18280989,e-18280989,ernalSystem-18280989,18280989,18280989,TownshipName-18280989,Building-18280989,r-18280989,r-18280989,r-11408744,r-11408744
s-18280990,s-18280990,2016-11-20T00:00:00.000Z,2007-08-13T00:00:00.000Z,0990,18280990-98ac-49ec-a2b7-7f4588194db6,AdditionalStreetPrefixName-18280990,AdditionalStreetSuffixName-18280990,280990,CareOfName-18280990,ode-18280990,CityName-18280990,e-18280990,990,County-18280990,r-18280990,0990,District-18280990,0990,FullName-18280990,HomeCityName-18280990,r-18280990,t-18280990,90,x-18280990,POBoxDeviatingCityName-18280990,990,990,true,POBoxLobbyName-18280990,e-18280990,n-18280990,e-18280990,990,990,StreetName-18280990,StreetPrefixName-18280990,StreetSuffixName-18280990,iction-18280990,e-18280990,ernalSystem-18280990,18280990,18280990,TownshipName-18280990,Building-18280990,r-18280990,r-18280990,r-11408744,r-11408744
s-18280991,s-18280991,2015-07-10T00:00:00.000Z,2000-12-19T00:00:00.000Z,0991,18280991-e598-4363-80b5-7c9dfdf629eb,AdditionalStreetPrefixName-18280991,AdditionalStreetSuffixName-18280991,280991,CareOfName-18280991,ode-18280991,CityName-18280991,e-18280991,991,County-18280991,r-18280991,0991,District-18280991,0991,FullName-18280991,HomeCityName-18280991,r-18280991,t-18280991,91,x-18280991,POBoxDeviatingCityName-18280991,991,991,false,POBoxLobbyName-18280991,e-18280991,n-18280991,e-18280991,991,991,StreetName-18280991,StreetPrefixName-18280991,StreetSuffixName-18280991,iction-18280991,e-18280991,ernalSystem-18280991,18280991,18280991,TownshipName-18280991,Building-18280991,r-18280991,r-18280991,r-11408744,r-11408744
s-18280992,s-18280992,2009-04-15T00:00:00.000Z,2007-05-19T00:00:00.000Z,0992,18280992-b9f4-40be-aa1d-00939b2fb0c7,AdditionalStreetPrefixName-18280992,AdditionalStreetSuffixName-18280992,280992,CareOfName-18280992,ode-18280992,CityName-18280992,e-18280992,992,County-18280992,r-18280992,0992,District-18280992,0992,FullName-18280992,HomeCityName-18280992,r-18280992,t-18280992,92,x-18280992,POBoxDeviatingCityName-18280992,992,992,true,POBoxLobbyName-18280992,e-18280992,n-18280992,e-18280992,992,992,StreetName-18280992,StreetPrefixName-18280992,StreetSuffixName-18280992,iction-18280992,e-18280992,ernalSystem-18280992,18280992,18280992,TownshipName-18280992,Building-18280992,r-18280992,r-18280992,r-11408744,r-11408744
s-18280993,s-18280993,2012-12-19T00:00:00.000Z,2008-07-30T00:00:00.000Z,0993,18280993-e537-4800-91c9-9d5f1d7856ee,AdditionalStreetPrefixName-18280993,AdditionalStreetSuffixName-18280993,280993,CareOfName-18280993,ode-18280993,CityName-18280993,e-18280993,993,County-18280993,r-18280993,0993,District-18280993,0993,FullName-18280993,HomeCityName-18280993,r-18280993,t-18280993,93,x-18280993,POBoxDeviatingCityName-18280993,993,993,false,POBoxLobbyName-18280993,e-18280993,n-18280993,e-18280993,993,993,StreetName-18280993,StreetPrefixName-18280993,StreetSuffixName-18280993,iction-18280993,e-18280993,ernalSystem-18280993,18280993,18280993,TownshipName-18280993,Building-18280993,r-18280993,r-18280993,r-11408744,r-11408744
s-18280994,s-18280994,2010-12-20T00:00:00.000Z,2017-04-07T00:00:00.000Z,0994,18280994-8fba-49c8-ade3-49cb643ae66c,AdditionalStreetPrefixName-18280994,AdditionalStreetSuffixName-18280994,280994,CareOfName-18280994,ode-18280994,CityName-18280994,e-18280994,994,County-18280994,r-18280994,0994,District-18280994,0994,FullName-18280994,HomeCityName-18280994,r-18280994,t-18280994,94,x-18280994,POBoxDeviatingCityName-18280994,994,994,true,POBoxLobbyName-18280994,e-18280994,n-18280994,e-18280994,994,994,StreetName-18280994,StreetPrefixName-18280994,StreetSuffixName-18280994,iction-18280994,e-18280994,ernalSystem-18280994,18280994,18280994,TownshipName-18280994,Building-18280994,r-18280994,r-18280994,r-11408744,r-11408744
s-18280995,s-18280995,2015-03-18T00:00:00.000Z,2006-10-02T00:00:00.000Z,0995,18280995-b302-4972-b2eb-a44794bc53de,AdditionalStreetPrefixName-18280995,AdditionalStreetSuffixName-18280995,280995,CareOfName-18280995,ode-18280995,CityName-18280995,e-18280995,995,County-18280995,r-18280995,0995,District-18280995,0995,FullName-18280995,HomeCityName-18280995,r-18280995,t-18280995,95,x-18280995,POBoxDeviatingCityName-18280995,995,995,false,POBoxLobbyName-18280995,e-18280995,n-18280995,e-18280995,995,995,StreetName-18280995,StreetPrefixName-18280995,StreetSuffixName-18280995,iction-18280995,e-18280995,ernalSystem-18280995,18280995,18280995,TownshipName-18280995,Building-18280995,r-18280995,r-18280995,r-11408744,r-11408744
s-18280996,s-18280996,2016-06-06T00:00:00.000Z,2006-12-31T00:00:00.000Z,0996,18280996-ce12-471b-9e60-e0409d696dde,AdditionalStreetPrefixName-18280996,AdditionalStreetSuffixName-18280996,280996,CareOfName-18280996,ode-18280996,CityName-18280996,e-18280996,996,County-18280996,r-18280996,0996,District-18280996,0996,FullName-18280996,HomeCityName-18280996,r-18280996,t-18280996,96,x-18280996,POBoxDeviatingCityName-18280996,996,996,true,POBoxLobbyName-18280996,e-18280996,n-18280996,e-18280996,996,996,StreetName-18280996,StreetPrefixName-18280996,StreetSuffixName-18280996,iction-18280996,e-18280996,ernalSystem-18280996,18280996,18280996,TownshipName-18280996,Building-18280996,r-18280996,r-18280996,r-11408744,r-11408744
s-18280997,s-18280997,2014-04-11T00:00:00.000Z,2019-06-07T00:00:00.000Z,0997,18280997-7639-4e58-a4dc-524ee4889f54,AdditionalStreetPrefixName-18280997,AdditionalStreetSuffixName-18280997,280997,CareOfName-18280997,ode-18280997,CityName-18280997,e-18280997,997,County-18280997,r-18280997,0997,District-18280997,0997,FullName-18280997,HomeCityName-18280997,r-18280997,t-18280997,97,x-18280997,POBoxDeviatingCityName-18280997,997,997,false,POBoxLobbyName-18280997,e-18280997,n-18280997,e-18280997,997,997,StreetName-18280997,StreetPrefixName-18280997,StreetSuffixName-18280997,iction-18280997,e-18280997,ernalSystem-18280997,18280997,18280997,TownshipName-18280997,Building-18280997,r-18280997,r-18280997,r-11408744,r-11408744
s-18280998,s-18280998,2002-01-30T00:00:00.000Z,2019-06-29T00:00:00.000Z,0998,18280998-6f6b-41f6-8fd4-2577ee537e66,AdditionalStreetPrefixName-18280998,AdditionalStreetSuffixName-18280998,280998,CareOfName-18280998,ode-18280998,CityName-18280998,e-18280998,998,County-18280998,r-18280998,0998,District-18280998,0998,FullName-18280998,HomeCityName-18280998,r-18280998,t-18280998,98,x-18280998,POBoxDeviatingCityName-18280998,998,998,true,POBoxLobbyName-18280998,e-18280998,n-18280998,e-18280998,998,998,StreetName-18280998,StreetPrefixName-18280998,StreetSuffixName-18280998,iction-18280998,e-18280998,ernalSystem-18280998,18280998,18280998,TownshipName-18280998,Building-18280998,r-18280998,r-18280998,r-11408744,r-11408744
s-18280999,s-18280999,2009-06-17T00:00:00.000Z,2009-02-21T00:00:00.000Z,0999,18280999-fe1c-4b37-b922-07be3cadeeb4,AdditionalStreetPrefixName-18280999,AdditionalStreetSuffixName-18280999,280999,CareOfName-18280999,ode-18280999,CityName-18280999,e-18280999,999,County-18280999,r-18280999,0999,District-18280999,0999,FullName-18280999,HomeCityName-18280999,r-18280999,t-18280999,99,x-18280999,POBoxDeviatingCityName-18280999,999,999,false,POBoxLobbyName-18280999,e-18280999,n-18280999,e-18280999,999,999,StreetName-18280999,StreetPrefixName-18280999,StreetSuffixName-18280999,iction-18280999,e-18280999,ernalSystem-18280999,18280999,18280999,TownshipName-18280999,Building-18280999,r-18280999,r-18280999,r-11408744,r-11408744
s-18281000,s-18281000,2015-11-25T00:00:00.000Z,2010-02-11T00:00:00.000Z,1000,18281000-3fbe-419a-a225-5fc60791ea77,AdditionalStreetPrefixName-18281000,AdditionalStreetSuffixName-18281000,281000,CareOfName-18281000,ode-18281000,CityName-18281000,e-18281000,000,County-18281000,r-18281000,1000,District-18281000,1000,FullName-18281000,HomeCityName-18281000,r-18281000,t-18281000,00,x-18281000,POBoxDeviatingCityName-18281000,000,000,true,POBoxLobbyName-18281000,e-18281000,n-18281000,e-18281000,000,000,StreetName-18281000,StreetPrefixName-18281000,StreetSuffixName-18281000,iction-18281000,e-18281000,ernalSystem-18281000,18281000,18281000,TownshipName-18281000,Building-18281000,r-18281000,r-18281000,r-11408744,r-11408744
s-18281001,s-18281001,2017-03-05T00:00:00.000Z,2005-11-23T00:00:00.000Z,1001,18281001-b8a5-4cd7-a8e1-4bcd8b34c582,AdditionalStreetPrefixName-18281001,AdditionalStreetSuffixName-18281001,281001,CareOfName-18281001,ode-18281001,CityName-18281001,e-18281001,001,County-18281001,r-18281001,1001,District-18281001,1001,FullName-18281001,HomeCityName-18281001,r-18281001,t-18281001,01,x-18281001,POBoxDeviatingCityName-18281001,001,001,false,POBoxLobbyName-18281001,e-18281001,n-18281001,e-18281001,001,001,StreetName-18281001,StreetPrefixName-18281001,StreetSuffixName-18281001,iction-18281001,e-18281001,ernalSystem-18281001,18281001,18281001,TownshipName-18281001,Building-18281001,r-18281001,r-18281001,r-11408744,r-11408744
s-18281002,s-18281002,2002-01-21T00:00:00.000Z,2018-12-01T00:00:00.000Z,1002,18281002-0489-49fb-8386-9a54d9efc338,AdditionalStreetPrefixName-18281002,AdditionalStreetSuffixName-18281002,281002,CareOfName-18281002,ode-18281002,CityName-18281002,e-18281002,002,County-18281002,r-18281002,1002,District-18281002,1002,FullName-18281002,HomeCityName-18281002,r-18281002,t-18281002,02,x-18281002,POBoxDeviatingCityName-18281002,002,002,true,POBoxLobbyName-18281002,e-18281002,n-18281002,e-18281002,002,002,StreetName-18281002,StreetPrefixName-18281002,StreetSuffixName-18281002,iction-18281002,e-18281002,ernalSystem-18281002,18281002,18281002,TownshipName-18281002,Building-18281002,r-18281002,r-18281002,r-11408744,r-11408744
s-18281003,s-18281003,2002-05-01T00:00:00.000Z,2001-05-30T00:00:00.000Z,1003,18281003-d3a0-41a8-a34b-fa583a3093bd,AdditionalStreetPrefixName-18281003,AdditionalStreetSuffixName-18281003,281003,CareOfName-18281003,ode-18281003,CityName-18281003,e-18281003,003,County-18281003,r-18281003,1003,District-18281003,1003,FullName-18281003,HomeCityName-18281003,r-18281003,t-18281003,03,x-18281003,POBoxDeviatingCityName-18281003,003,003,false,POBoxLobbyName-18281003,e-18281003,n-18281003,e-18281003,003,003,StreetName-18281003,StreetPrefixName-18281003,StreetSuffixName-18281003,iction-18281003,e-18281003,ernalSystem-18281003,18281003,18281003,TownshipName-18281003,Building-18281003,r-18281003,r-18281003,r-11408744,r-11408744
s-18281004,s-18281004,2004-07-14T00:00:00.000Z,2004-07-22T00:00:00.000Z,1004,18281004-ff5b-4ec4-81ee-77bec8f7e9ec,AdditionalStreetPrefixName-18281004,AdditionalStreetSuffixName-18281004,281004,CareOfName-18281004,ode-18281004,CityName-18281004,e-18281004,004,County-18281004,r-18281004,1004,District-18281004,1004,FullName-18281004,HomeCityName-18281004,r-18281004,t-18281004,04,x-18281004,POBoxDeviatingCityName-18281004,004,004,true,POBoxLobbyName-18281004,e-18281004,n-18281004,e-18281004,004,004,StreetName-18281004,StreetPrefixName-18281004,StreetSuffixName-18281004,iction-18281004,e-18281004,ernalSystem-18281004,18281004,18281004,TownshipName-18281004,Building-18281004,r-18281004,r-18281004,r-11408744,r-11408744
s-18281005,s-18281005,2023-05-18T00:00:00.000Z,2007-12-06T00:00:00.000Z,1005,18281005-02d5-4cfe-83dd-8aae0542a9cb,AdditionalStreetPrefixName-18281005,AdditionalStreetSuffixName-18281005,281005,CareOfName-18281005,ode-18281005,CityName-18281005,e-18281005,005,County-18281005,r-18281005,1005,District-18281005,1005,FullName-18281005,HomeCityName-18281005,r-18281005,t-18281005,05,x-18281005,POBoxDeviatingCityName-18281005,005,005,false,POBoxLobbyName-18281005,e-18281005,n-18281005,e-18281005,005,005,StreetName-18281005,StreetPrefixName-18281005,StreetSuffixName-18281005,iction-18281005,e-18281005,ernalSystem-18281005,18281005,18281005,TownshipName-18281005,Building-18281005,r-18281005,r-18281005,r-11408744,r-11408744
s-18281006,s-18281006,2015-09-25T00:00:00.000Z,2003-07-06T00:00:00.000Z,1006,18281006-17ff-4b50-998a-44f201e34494,AdditionalStreetPrefixName-18281006,AdditionalStreetSuffixName-18281006,281006,CareOfName-18281006,ode-18281006,CityName-18281006,e-18281006,006,County-18281006,r-18281006,1006,District-18281006,1006,FullName-18281006,HomeCityName-18281006,r-18281006,t-18281006,06,x-18281006,POBoxDeviatingCityName-18281006,006,006,true,POBoxLobbyName-18281006,e-18281006,n-18281006,e-18281006,006,006,StreetName-18281006,StreetPrefixName-18281006,StreetSuffixName-18281006,iction-18281006,e-18281006,ernalSystem-18281006,18281006,18281006,TownshipName-18281006,Building-18281006,r-18281006,r-18281006,r-11408744,r-11408744
s-18281007,s-18281007,2009-10-05T00:00:00.000Z,2020-04-26T00:00:00.000Z,1007,18281007-76cc-4743-87f2-dfc14c3ea56f,AdditionalStreetPrefixName-18281007,AdditionalStreetSuffixName-18281007,281007,CareOfName-18281007,ode-18281007,CityName-18281007,e-18281007,007,County-18281007,r-18281007,1007,District-18281007,1007,FullName-18281007,HomeCityName-18281007,r-18281007,t-18281007,07,x-18281007,POBoxDeviatingCityName-18281007,007,007,false,POBoxLobbyName-18281007,e-18281007,n-18281007,e-18281007,007,007,StreetName-18281007,StreetPrefixName-18281007,StreetSuffixName-18281007,iction-18281007,e-18281007,ernalSystem-18281007,18281007,18281007,TownshipName-18281007,Building-18281007,r-18281007,r-18281007,r-11408744,r-11408744
s-18281008,s-18281008,2023-03-07T00:00:00.000Z,2011-09-28T00:00:00.000Z,1008,18281008-9017-4672-b5ca-31c9964562a6,AdditionalStreetPrefixName-18281008,AdditionalStreetSuffixName-18281008,281008,CareOfName-18281008,ode-18281008,CityName-18281008,e-18281008,008,County-18281008,r-18281008,1008,District-18281008,1008,FullName-18281008,HomeCityName-18281008,r-18281008,t-18281008,08,x-18281008,POBoxDeviatingCityName-18281008,008,008,true,POBoxLobbyName-18281008,e-18281008,n-18281008,e-18281008,008,008,StreetName-18281008,StreetPrefixName-18281008,StreetSuffixName-18281008,iction-18281008,e-18281008,ernalSystem-18281008,18281008,18281008,TownshipName-18281008,Building-18281008,r-18281008,r-18281008,r-11408744,r-11408744
s-18281009,s-18281009,2013-10-20T00:00:00.000Z,2002-04-30T00:00:00.000Z,1009,18281009-e33e-41e8-b979-4617186f8bed,AdditionalStreetPrefixName-18281009,AdditionalStreetSuffixName-18281009,281009,CareOfName-18281009,ode-18281009,CityName-18281009,e-18281009,009,County-18281009,r-18281009,1009,District-18281009,1009,FullName-18281009,HomeCityName-18281009,r-18281009,t-18281009,09,x-18281009,POBoxDeviatingCityName-18281009,009,009,false,POBoxLobbyName-18281009,e-18281009,n-18281009,e-18281009,009,009,StreetName-18281009,StreetPrefixName-18281009,StreetSuffixName-18281009,iction-18281009,e-18281009,ernalSystem-18281009,18281009,18281009,TownshipName-18281009,Building-18281009,r-18281009,r-18281009,r-11408744,r-11408744
s-18281010,s-18281010,2008-05-27T00:00:00.000Z,2001-10-01T00:00:00.000Z,1010,18281010-f73d-4c8d-8eb3-14d18fc2b91b,AdditionalStreetPrefixName-18281010,AdditionalStreetSuffixName-18281010,281010,CareOfName-18281010,ode-18281010,CityName-18281010,e-18281010,010,County-18281010,r-18281010,1010,District-18281010,1010,FullName-18281010,HomeCityName-18281010,r-18281010,t-18281010,10,x-18281010,POBoxDeviatingCityName-18281010,010,010,true,POBoxLobbyName-18281010,e-18281010,n-18281010,e-18281010,010,010,StreetName-18281010,StreetPrefixName-18281010,StreetSuffixName-18281010,iction-18281010,e-18281010,ernalSystem-18281010,18281010,18281010,TownshipName-18281010,Building-18281010,r-18281010,r-18281010,r-11408744,r-11408744
s-18281011,s-18281011,2020-05-16T00:00:00.000Z,2001-07-07T00:00:00.000Z,1011,18281011-22ce-4e4d-968d-9c149c6ab209,AdditionalStreetPrefixName-18281011,AdditionalStreetSuffixName-18281011,281011,CareOfName-18281011,ode-18281011,CityName-18281011,e-18281011,011,County-18281011,r-18281011,1011,District-18281011,1011,FullName-18281011,HomeCityName-18281011,r-18281011,t-18281011,11,x-18281011,POBoxDeviatingCityName-18281011,011,011,false,POBoxLobbyName-18281011,e-18281011,n-18281011,e-18281011,011,011,StreetName-18281011,StreetPrefixName-18281011,StreetSuffixName-18281011,iction-18281011,e-18281011,ernalSystem-18281011,18281011,18281011,TownshipName-18281011,Building-18281011,r-18281011,r-18281011,r-11408744,r-11408744
s-18281012,s-18281012,2009-07-04T00:00:00.000Z,2014-09-16T00:00:00.000Z,1012,18281012-0730-4e99-9249-bb099157b454,AdditionalStreetPrefixName-18281012,AdditionalStreetSuffixName-18281012,281012,CareOfName-18281012,ode-18281012,CityName-18281012,e-18281012,012,County-18281012,r-18281012,1012,District-18281012,1012,FullName-18281012,HomeCityName-18281012,r-18281012,t-18281012,12,x-18281012,POBoxDeviatingCityName-18281012,012,012,true,POBoxLobbyName-18281012,e-18281012,n-18281012,e-18281012,012,012,StreetName-18281012,StreetPrefixName-18281012,StreetSuffixName-18281012,iction-18281012,e-18281012,ernalSystem-18281012,18281012,18281012,TownshipName-18281012,Building-18281012,r-18281012,r-18281012,r-11408744,r-11408744
s-18281013,s-18281013,2003-11-19T00:00:00.000Z,2002-03-22T00:00:00.000Z,1013,18281013-a16e-435c-8731-716c6157cb64,AdditionalStreetPrefixName-18281013,AdditionalStreetSuffixName-18281013,281013,CareOfName-18281013,ode-18281013,CityName-18281013,e-18281013,013,County-18281013,r-18281013,1013,District-18281013,1013,FullName-18281013,HomeCityName-18281013,r-18281013,t-18281013,13,x-18281013,POBoxDeviatingCityName-18281013,013,013,false,POBoxLobbyName-18281013,e-18281013,n-18281013,e-18281013,013,013,StreetName-18281013,StreetPrefixName-18281013,StreetSuffixName-18281013,iction-18281013,e-18281013,ernalSystem-18281013,18281013,18281013,TownshipName-18281013,Building-18281013,r-18281013,r-18281013,r-11408744,r-11408744
s-18281014,s-18281014,2008-06-17T00:00:00.000Z,2021-10-23T00:00:00.000Z,1014,18281014-8639-4de2-88fe-83941145e087,AdditionalStreetPrefixName-18281014,AdditionalStreetSuffixName-18281014,281014,CareOfName-18281014,ode-18281014,CityName-18281014,e-18281014,014,County-18281014,r-18281014,1014,District-18281014,1014,FullName-18281014,HomeCityName-18281014,r-18281014,t-18281014,14,x-18281014,POBoxDeviatingCityName-18281014,014,014,true,POBoxLobbyName-18281014,e-18281014,n-18281014,e-18281014,014,014,StreetName-18281014,StreetPrefixName-18281014,StreetSuffixName-18281014,iction-18281014,e-18281014,ernalSystem-18281014,18281014,18281014,TownshipName-18281014,Building-18281014,r-18281014,r-18281014,r-11408744,r-11408744
s-18281015,s-18281015,2019-02-22T00:00:00.000Z,2021-04-06T00:00:00.000Z,1015,18281015-d5d7-4c38-8a03-eeffba375e93,AdditionalStreetPrefixName-18281015,AdditionalStreetSuffixName-18281015,281015,CareOfName-18281015,ode-18281015,CityName-18281015,e-18281015,015,County-18281015,r-18281015,1015,District-18281015,1015,FullName-18281015,HomeCityName-18281015,r-18281015,t-18281015,15,x-18281015,POBoxDeviatingCityName-18281015,015,015,false,POBoxLobbyName-18281015,e-18281015,n-18281015,e-18281015,015,015,StreetName-18281015,StreetPrefixName-18281015,StreetSuffixName-18281015,iction-18281015,e-18281015,ernalSystem-18281015,18281015,18281015,TownshipName-18281015,Building-18281015,r-18281015,r-18281015,r-11408744,r-11408744
s-18281016,s-18281016,2010-01-26T00:00:00.000Z,2005-03-26T00:00:00.000Z,1016,18281016-cba0-4685-8dd1-f15594b13548,AdditionalStreetPrefixName-18281016,AdditionalStreetSuffixName-18281016,281016,CareOfName-18281016,ode-18281016,CityName-18281016,e-18281016,016,County-18281016,r-18281016,1016,District-18281016,1016,FullName-18281016,HomeCityName-18281016,r-18281016,t-18281016,16,x-18281016,POBoxDeviatingCityName-18281016,016,016,true,POBoxLobbyName-18281016,e-18281016,n-18281016,e-18281016,016,016,StreetName-18281016,StreetPrefixName-18281016,StreetSuffixName-18281016,iction-18281016,e-18281016,ernalSystem-18281016,18281016,18281016,TownshipName-18281016,Building-18281016,r-18281016,r-18281016,r-11408744,r-11408744
s-18281017,s-18281017,2005-12-16T00:00:00.000Z,2010-01-15T00:00:00.000Z,1017,18281017-f42a-4f76-8aa0-ae28f7d9be61,AdditionalStreetPrefixName-18281017,AdditionalStreetSuffixName-18281017,281017,CareOfName-18281017,ode-18281017,CityName-18281017,e-18281017,017,County-18281017,r-18281017,1017,District-18281017,1017,FullName-18281017,HomeCityName-18281017,r-18281017,t-18281017,17,x-18281017,POBoxDeviatingCityName-18281017,017,017,false,POBoxLobbyName-18281017,e-18281017,n-18281017,e-18281017,017,017,StreetName-18281017,StreetPrefixName-18281017,StreetSuffixName-18281017,iction-18281017,e-18281017,ernalSystem-18281017,18281017,18281017,TownshipName-18281017,Building-18281017,r-18281017,r-18281017,r-11408744,r-11408744
s-18281018,s-18281018,2001-06-05T00:00:00.000Z,2014-02-02T00:00:00.000Z,1018,18281018-75d4-456b-b0f8-054152f77807,AdditionalStreetPrefixName-18281018,AdditionalStreetSuffixName-18281018,281018,CareOfName-18281018,ode-18281018,CityName-18281018,e-18281018,018,County-18281018,r-18281018,1018,District-18281018,1018,FullName-18281018,HomeCityName-18281018,r-18281018,t-18281018,18,x-18281018,POBoxDeviatingCityName-18281018,018,018,true,POBoxLobbyName-18281018,e-18281018,n-18281018,e-18281018,018,018,StreetName-18281018,StreetPrefixName-18281018,StreetSuffixName-18281018,iction-18281018,e-18281018,ernalSystem-18281018,18281018,18281018,TownshipName-18281018,Building-18281018,r-18281018,r-18281018,r-11408744,r-11408744
s-18281019,s-18281019,2017-12-01T00:00:00.000Z,2023-01-03T00:00:00.000Z,1019,18281019-2676-4a40-b017-8299e0dd72e9,AdditionalStreetPrefixName-18281019,AdditionalStreetSuffixName-18281019,281019,CareOfName-18281019,ode-18281019,CityName-18281019,e-18281019,019,County-18281019,r-18281019,1019,District-18281019,1019,FullName-18281019,HomeCityName-18281019,r-18281019,t-18281019,19,x-18281019,POBoxDeviatingCityName-18281019,019,019,false,POBoxLobbyName-18281019,e-18281019,n-18281019,e-18281019,019,019,StreetName-18281019,StreetPrefixName-18281019,StreetSuffixName-18281019,iction-18281019,e-18281019,ernalSystem-18281019,18281019,18281019,TownshipName-18281019,Building-18281019,r-18281019,r-18281019,r-11408744,r-11408744
s-18281020,s-18281020,2017-02-27T00:00:00.000Z,2003-09-10T00:00:00.000Z,1020,18281020-7279-44fb-af6f-afdc506db550,AdditionalStreetPrefixName-18281020,AdditionalStreetSuffixName-18281020,281020,CareOfName-18281020,ode-18281020,CityName-18281020,e-18281020,020,County-18281020,r-18281020,1020,District-18281020,1020,FullName-18281020,HomeCityName-18281020,r-18281020,t-18281020,20,x-18281020,POBoxDeviatingCityName-18281020,020,020,true,POBoxLobbyName-18281020,e-18281020,n-18281020,e-18281020,020,020,StreetName-18281020,StreetPrefixName-18281020,StreetSuffixName-18281020,iction-18281020,e-18281020,ernalSystem-18281020,18281020,18281020,TownshipName-18281020,Building-18281020,r-18281020,r-18281020,r-11408744,r-11408744
s-18281021,s-18281021,2015-04-13T00:00:00.000Z,2005-07-07T00:00:00.000Z,1021,18281021-436b-45d8-a294-239356a722e3,AdditionalStreetPrefixName-18281021,AdditionalStreetSuffixName-18281021,281021,CareOfName-18281021,ode-18281021,CityName-18281021,e-18281021,021,County-18281021,r-18281021,1021,District-18281021,1021,FullName-18281021,HomeCityName-18281021,r-18281021,t-18281021,21,x-18281021,POBoxDeviatingCityName-18281021,021,021,false,POBoxLobbyName-18281021,e-18281021,n-18281021,e-18281021,021,021,StreetName-18281021,StreetPrefixName-18281021,StreetSuffixName-18281021,iction-18281021,e-18281021,ernalSystem-18281021,18281021,18281021,TownshipName-18281021,Building-18281021,r-18281021,r-18281021,r-11408744,r-11408744
s-18281022,s-18281022,2002-01-07T00:00:00.000Z,2002-10-23T00:00:00.000Z,1022,18281022-d0d9-47af-a61b-f82435edd4e9,AdditionalStreetPrefixName-18281022,AdditionalStreetSuffixName-18281022,281022,CareOfName-18281022,ode-18281022,CityName-18281022,e-18281022,022,County-18281022,r-18281022,1022,District-18281022,1022,FullName-18281022,HomeCityName-18281022,r-18281022,t-18281022,22,x-18281022,POBoxDeviatingCityName-18281022,022,022,true,POBoxLobbyName-18281022,e-18281022,n-18281022,e-18281022,022,022,StreetName-18281022,StreetPrefixName-18281022,StreetSuffixName-18281022,iction-18281022,e-18281022,ernalSystem-18281022,18281022,18281022,TownshipName-18281022,Building-18281022,r-18281022,r-18281022,r-11408744,r-11408744
s-18281023,s-18281023,2003-10-05T00:00:00.000Z,2021-10-19T00:00:00.000Z,1023,18281023-450d-4f67-9b37-30cfa25075e6,AdditionalStreetPrefixName-18281023,AdditionalStreetSuffixName-18281023,281023,CareOfName-18281023,ode-18281023,CityName-18281023,e-18281023,023,County-18281023,r-18281023,1023,District-18281023,1023,FullName-18281023,HomeCityName-18281023,r-18281023,t-18281023,23,x-18281023,POBoxDeviatingCityName-18281023,023,023,false,POBoxLobbyName-18281023,e-18281023,n-18281023,e-18281023,023,023,StreetName-18281023,StreetPrefixName-18281023,StreetSuffixName-18281023,iction-18281023,e-18281023,ernalSystem-18281023,18281023,18281023,TownshipName-18281023,Building-18281023,r-18281023,r-18281023,r-11408744,r-11408744
s-18281024,s-18281024,2001-05-24T00:00:00.000Z,2022-11-17T00:00:00.000Z,1024,18281024-75ef-4c90-a049-eebea83d403e,AdditionalStreetPrefixName-18281024,AdditionalStreetSuffixName-18281024,281024,CareOfName-18281024,ode-18281024,CityName-18281024,e-18281024,024,County-18281024,r-18281024,1024,District-18281024,1024,FullName-18281024,HomeCityName-18281024,r-18281024,t-18281024,24,x-18281024,POBoxDeviatingCityName-18281024,024,024,true,POBoxLobbyName-18281024,e-18281024,n-18281024,e-18281024,024,024,StreetName-18281024,StreetPrefixName-18281024,StreetSuffixName-18281024,iction-18281024,e-18281024,ernalSystem-18281024,18281024,18281024,TownshipName-18281024,Building-18281024,r-18281024,r-18281024,r-11408744,r-11408744
s-18281025,s-18281025,2015-01-29T00:00:00.000Z,2021-05-24T00:00:00.000Z,1025,18281025-63ce-4006-8c04-88142debe205,AdditionalStreetPrefixName-18281025,AdditionalStreetSuffixName-18281025,281025,CareOfName-18281025,ode-18281025,CityName-18281025,e-18281025,025,County-18281025,r-18281025,1025,District-18281025,1025,FullName-18281025,HomeCityName-18281025,r-18281025,t-18281025,25,x-18281025,POBoxDeviatingCityName-18281025,025,025,false,POBoxLobbyName-18281025,e-18281025,n-18281025,e-18281025,025,025,StreetName-18281025,StreetPrefixName-18281025,StreetSuffixName-18281025,iction-18281025,e-18281025,ernalSystem-18281025,18281025,18281025,TownshipName-18281025,Building-18281025,r-18281025,r-18281025,r-11408744,r-11408744
s-18281026,s-18281026,2005-08-13T00:00:00.000Z,2010-02-17T00:00:00.000Z,1026,18281026-4d5c-448b-b286-2bfcaafe7e8c,AdditionalStreetPrefixName-18281026,AdditionalStreetSuffixName-18281026,281026,CareOfName-18281026,ode-18281026,CityName-18281026,e-18281026,026,County-18281026,r-18281026,1026,District-18281026,1026,FullName-18281026,HomeCityName-18281026,r-18281026,t-18281026,26,x-18281026,POBoxDeviatingCityName-18281026,026,026,true,POBoxLobbyName-18281026,e-18281026,n-18281026,e-18281026,026,026,StreetName-18281026,StreetPrefixName-18281026,StreetSuffixName-18281026,iction-18281026,e-18281026,ernalSystem-18281026,18281026,18281026,TownshipName-18281026,Building-18281026,r-18281026,r-18281026,r-11408744,r-11408744
s-18281027,s-18281027,2009-11-03T00:00:00.000Z,2005-05-27T00:00:00.000Z,1027,18281027-176f-4a02-b751-8d642f343dc0,AdditionalStreetPrefixName-18281027,AdditionalStreetSuffixName-18281027,281027,CareOfName-18281027,ode-18281027,CityName-18281027,e-18281027,027,County-18281027,r-18281027,1027,District-18281027,1027,FullName-18281027,HomeCityName-18281027,r-18281027,t-18281027,27,x-18281027,POBoxDeviatingCityName-18281027,027,027,false,POBoxLobbyName-18281027,e-18281027,n-18281027,e-18281027,027,027,StreetName-18281027,StreetPrefixName-18281027,StreetSuffixName-18281027,iction-18281027,e-18281027,ernalSystem-18281027,18281027,18281027,TownshipName-18281027,Building-18281027,r-18281027,r-18281027,r-11408744,r-11408744
s-18281028,s-18281028,2001-04-17T00:00:00.000Z,2010-08-28T00:00:00.000Z,1028,18281028-1353-4a2d-af34-5b9d7c9033ca,AdditionalStreetPrefixName-18281028,AdditionalStreetSuffixName-18281028,281028,CareOfName-18281028,ode-18281028,CityName-18281028,e-18281028,028,County-18281028,r-18281028,1028,District-18281028,1028,FullName-18281028,HomeCityName-18281028,r-18281028,t-18281028,28,x-18281028,POBoxDeviatingCityName-18281028,028,028,true,POBoxLobbyName-18281028,e-18281028,n-18281028,e-18281028,028,028,StreetName-18281028,StreetPrefixName-18281028,StreetSuffixName-18281028,iction-18281028,e-18281028,ernalSystem-18281028,18281028,18281028,TownshipName-18281028,Building-18281028,r-18281028,r-18281028,r-11408744,r-11408744
s-18281029,s-18281029,2023-08-17T00:00:00.000Z,2004-11-21T00:00:00.000Z,1029,18281029-3ef5-4277-a6d1-7e7f0cdf99f0,AdditionalStreetPrefixName-18281029,AdditionalStreetSuffixName-18281029,281029,CareOfName-18281029,ode-18281029,CityName-18281029,e-18281029,029,County-18281029,r-18281029,1029,District-18281029,1029,FullName-18281029,HomeCityName-18281029,r-18281029,t-18281029,29,x-18281029,POBoxDeviatingCityName-18281029,029,029,false,POBoxLobbyName-18281029,e-18281029,n-18281029,e-18281029,029,029,StreetName-18281029,StreetPrefixName-18281029,StreetSuffixName-18281029,iction-18281029,e-18281029,ernalSystem-18281029,18281029,18281029,TownshipName-18281029,Building-18281029,r-18281029,r-18281029,r-11408744,r-11408744
s-18281030,s-18281030,2002-11-22T00:00:00.000Z,2010-03-18T00:00:00.000Z,1030,18281030-97b2-4829-a813-2a55590f62b1,AdditionalStreetPrefixName-18281030,AdditionalStreetSuffixName-18281030,281030,CareOfName-18281030,ode-18281030,CityName-18281030,e-18281030,030,County-18281030,r-18281030,1030,District-18281030,1030,FullName-18281030,HomeCityName-18281030,r-18281030,t-18281030,30,x-18281030,POBoxDeviatingCityName-18281030,030,030,true,POBoxLobbyName-18281030,e-18281030,n-18281030,e-18281030,030,030,StreetName-18281030,StreetPrefixName-18281030,StreetSuffixName-18281030,iction-18281030,e-18281030,ernalSystem-18281030,18281030,18281030,TownshipName-18281030,Building-18281030,r-18281030,r-18281030,r-11408744,r-11408744
