Supplier,AlternativePayeeAccountNumber,AuthorizationGroup,BusinessPartnerPanNumber,CreatedByUser,CreationDate,Customer,PaymentIsBlockedForSupplier,PostingIsBlocked,PurchasingIsBlocked,SupplierAccountGroup,SupplierFullName,SupplierName,VATRegistration,BirthDate,ConcatenatedInternationalLocNo,DeletionIndicator,FiscalAddress,Industry,InternationalLocationNumber1,InternationalLocationNumber2,InternationalLocationNumber3,IsNaturalPerson,PaymentReason,ResponsibleType,SuplrQltyInProcmtCertfnValidTo,SuplrQualityManagementSystem,SupplierCorporateGroup,SupplierProcurementBlock,TaxNumber1,TaxNumber2,TaxNumber3,TaxNumber4,TaxNumber5,TaxNumberResponsible,TaxNumberType,SuplrProofOfDelivRlvtCode,BR_TaxIsSplit,DataExchangeInstructionKey,JP_SuplrAmtInCapitalAmount,JP_SupplierCapitalAmountCrcy
r-15680215,r-15680215,0215,BusinessPartnerPanNumber-15680215,ser-15680215,2002-01-20,r-15680215,false,false,false,0215,SupplierFullName-15680215,SupplierName-15680215,egistration-15680215,2010-11-08,tionalLocNo-15680215,false,s-15680215,0215,5680215,80215,5,5,0215,15,2001-03-07,0215,p-15680215,15,Number1-15680215,r2-15680215,axNumber3-15680215,axNumber4-15680215,TaxNumber5-15680215,sponsible-15680215,15,5,false,15,2725261719914.004,80215
r-16593926,r-16593926,3926,BusinessPartnerPanNumber-16593926,ser-16593926,2015-02-18,r-16593926,true,true,true,3926,SupplierFullName-16593926,SupplierName-16593926,egistration-16593926,2015-12-19,tionalLocNo-16593926,true,s-16593926,3926,6593926,93926,6,6,3926,26,2006-03-19,3926,p-16593926,26,Number1-16593926,r2-16593926,axNumber3-16593926,axNumber4-16593926,TaxNumber5-16593926,sponsible-16593926,26,6,true,26,8650315720516.213,93926
r-16593927,r-16593927,3927,BusinessPartnerPanNumber-16593927,ser-16593927,2008-06-15,r-16593927,false,false,false,3927,SupplierFullName-16593927,SupplierName-16593927,egistration-16593927,2006-02-27,tionalLocNo-16593927,false,s-16593927,3927,6593927,93927,7,7,3927,27,2004-12-08,3927,p-16593927,27,Number1-16593927,r2-16593927,axNumber3-16593927,axNumber4-16593927,TaxNumber5-16593927,sponsible-16593927,27,7,false,27,4784336848444.778,93927
r-16593928,r-16593928,3928,BusinessPartnerPanNumber-16593928,ser-16593928,2004-04-28,r-16593928,true,true,true,3928,SupplierFullName-16593928,SupplierName-16593928,egistration-16593928,2016-11-01,tionalLocNo-16593928,true,s-16593928,3928,6593928,93928,8,8,3928,28,2021-02-17,3928,p-16593928,28,Number1-16593928,r2-16593928,axNumber3-16593928,axNumber4-16593928,TaxNumber5-16593928,sponsible-16593928,28,8,true,28,5335206239560.772,93928
r-16593929,r-16593929,3929,BusinessPartnerPanNumber-16593929,ser-16593929,2008-12-28,r-16593929,false,false,false,3929,SupplierFullName-16593929,SupplierName-16593929,egistration-16593929,2023-09-28,tionalLocNo-16593929,false,s-16593929,3929,6593929,93929,9,9,3929,29,2021-11-30,3929,p-16593929,29,Number1-16593929,r2-16593929,axNumber3-16593929,axNumber4-16593929,TaxNumber5-16593929,sponsible-16593929,29,9,false,29,2227108925057.822,93929
r-16593930,r-16593930,3930,BusinessPartnerPanNumber-16593930,ser-16593930,2012-04-13,r-16593930,true,true,true,3930,SupplierFullName-16593930,SupplierName-16593930,egistration-16593930,2003-01-25,tionalLocNo-16593930,true,s-16593930,3930,6593930,93930,0,0,3930,30,2003-08-02,3930,p-16593930,30,Number1-16593930,r2-16593930,axNumber3-16593930,axNumber4-16593930,TaxNumber5-16593930,sponsible-16593930,30,0,true,30,7190181501689.31,93930
r-16593931,r-16593931,3931,BusinessPartnerPanNumber-16593931,ser-16593931,2013-07-08,r-16593931,false,false,false,3931,SupplierFullName-16593931,SupplierName-16593931,egistration-16593931,2021-06-24,tionalLocNo-16593931,false,s-16593931,3931,6593931,93931,1,1,3931,31,2012-06-04,3931,p-16593931,31,Number1-16593931,r2-16593931,axNumber3-16593931,axNumber4-16593931,TaxNumber5-16593931,sponsible-16593931,31,1,false,31,1841243329939.099,93931
r-16593932,r-16593932,3932,BusinessPartnerPanNumber-16593932,ser-16593932,2003-12-27,r-16593932,true,true,true,3932,SupplierFullName-16593932,SupplierName-16593932,egistration-16593932,2012-02-06,tionalLocNo-16593932,true,s-16593932,3932,6593932,93932,2,2,3932,32,2008-08-05,3932,p-16593932,32,Number1-16593932,r2-16593932,axNumber3-16593932,axNumber4-16593932,TaxNumber5-16593932,sponsible-16593932,32,2,true,32,8021251985644.989,93932
r-16593933,r-16593933,3933,BusinessPartnerPanNumber-16593933,ser-16593933,2008-09-14,r-16593933,false,false,false,3933,SupplierFullName-16593933,SupplierName-16593933,egistration-16593933,2004-10-20,tionalLocNo-16593933,false,s-16593933,3933,6593933,93933,3,3,3933,33,2016-11-16,3933,p-16593933,33,Number1-16593933,r2-16593933,axNumber3-16593933,axNumber4-16593933,TaxNumber5-16593933,sponsible-16593933,33,3,false,33,9460546925795.076,93933
r-16593934,r-16593934,3934,BusinessPartnerPanNumber-16593934,ser-16593934,2012-09-05,r-16593934,true,true,true,3934,SupplierFullName-16593934,SupplierName-16593934,egistration-16593934,2018-12-13,tionalLocNo-16593934,true,s-16593934,3934,6593934,93934,4,4,3934,34,2000-08-09,3934,p-16593934,34,Number1-16593934,r2-16593934,axNumber3-16593934,axNumber4-16593934,TaxNumber5-16593934,sponsible-16593934,34,4,true,34,8115483491532.79,93934
r-16593935,r-16593935,3935,BusinessPartnerPanNumber-16593935,ser-16593935,2010-03-26,r-16593935,false,false,false,3935,SupplierFullName-16593935,SupplierName-16593935,egistration-16593935,2022-08-03,tionalLocNo-16593935,false,s-16593935,3935,6593935,93935,5,5,3935,35,2009-03-02,3935,p-16593935,35,Number1-16593935,r2-16593935,axNumber3-16593935,axNumber4-16593935,TaxNumber5-16593935,sponsible-16593935,35,5,false,35,4376546864364.49,93935
r-16593936,r-16593936,3936,BusinessPartnerPanNumber-16593936,ser-16593936,2018-10-02,r-16593936,true,true,true,3936,SupplierFullName-16593936,SupplierName-16593936,egistration-16593936,2015-01-23,tionalLocNo-16593936,true,s-16593936,3936,6593936,93936,6,6,3936,36,2023-08-15,3936,p-16593936,36,Number1-16593936,r2-16593936,axNumber3-16593936,axNumber4-16593936,TaxNumber5-16593936,sponsible-16593936,36,6,true,36,115965497017.177,93936
r-16593937,r-16593937,3937,BusinessPartnerPanNumber-16593937,ser-16593937,2021-06-06,r-16593937,false,false,false,3937,SupplierFullName-16593937,SupplierName-16593937,egistration-16593937,2016-10-28,tionalLocNo-16593937,false,s-16593937,3937,6593937,93937,7,7,3937,37,2004-01-22,3937,p-16593937,37,Number1-16593937,r2-16593937,axNumber3-16593937,axNumber4-16593937,TaxNumber5-16593937,sponsible-16593937,37,7,false,37,6802235692248.112,93937
r-16593938,r-16593938,3938,BusinessPartnerPanNumber-16593938,ser-16593938,2008-05-01,r-16593938,true,true,true,3938,SupplierFullName-16593938,SupplierName-16593938,egistration-16593938,2011-05-03,tionalLocNo-16593938,true,s-16593938,3938,6593938,93938,8,8,3938,38,2005-11-25,3938,p-16593938,38,Number1-16593938,r2-16593938,axNumber3-16593938,axNumber4-16593938,TaxNumber5-16593938,sponsible-16593938,38,8,true,38,7814894095376.753,93938
r-16593939,r-16593939,3939,BusinessPartnerPanNumber-16593939,ser-16593939,2018-02-15,r-16593939,false,false,false,3939,SupplierFullName-16593939,SupplierName-16593939,egistration-16593939,2000-08-07,tionalLocNo-16593939,false,s-16593939,3939,6593939,93939,9,9,3939,39,2000-09-23,3939,p-16593939,39,Number1-16593939,r2-16593939,axNumber3-16593939,axNumber4-16593939,TaxNumber5-16593939,sponsible-16593939,39,9,false,39,8979397758756.744,93939
r-16593940,r-16593940,3940,BusinessPartnerPanNumber-16593940,ser-16593940,2019-04-27,r-16593940,true,true,true,3940,SupplierFullName-16593940,SupplierName-16593940,egistration-16593940,2018-05-30,tionalLocNo-16593940,true,s-16593940,3940,6593940,93940,0,0,3940,40,2003-02-02,3940,p-16593940,40,Number1-16593940,r2-16593940,axNumber3-16593940,axNumber4-16593940,TaxNumber5-16593940,sponsible-16593940,40,0,true,40,7040986705133.225,93940
r-16593941,r-16593941,3941,BusinessPartnerPanNumber-16593941,ser-16593941,2007-10-10,r-16593941,false,false,false,3941,SupplierFullName-16593941,SupplierName-16593941,egistration-16593941,2010-11-19,tionalLocNo-16593941,false,s-16593941,3941,6593941,93941,1,1,3941,41,2012-06-02,3941,p-16593941,41,Number1-16593941,r2-16593941,axNumber3-16593941,axNumber4-16593941,TaxNumber5-16593941,sponsible-16593941,41,1,false,41,4328870932677.508,93941
r-16593942,r-16593942,3942,BusinessPartnerPanNumber-16593942,ser-16593942,2001-07-03,r-16593942,true,true,true,3942,SupplierFullName-16593942,SupplierName-16593942,egistration-16593942,2004-01-02,tionalLocNo-16593942,true,s-16593942,3942,6593942,93942,2,2,3942,42,2000-11-09,3942,p-16593942,42,Number1-16593942,r2-16593942,axNumber3-16593942,axNumber4-16593942,TaxNumber5-16593942,sponsible-16593942,42,2,true,42,8394511670789.143,93942
r-16593943,r-16593943,3943,BusinessPartnerPanNumber-16593943,ser-16593943,2001-11-13,r-16593943,false,false,false,3943,SupplierFullName-16593943,SupplierName-16593943,egistration-16593943,2005-02-02,tionalLocNo-16593943,false,s-16593943,3943,6593943,93943,3,3,3943,43,2001-10-11,3943,p-16593943,43,Number1-16593943,r2-16593943,axNumber3-16593943,axNumber4-16593943,TaxNumber5-16593943,sponsible-16593943,43,3,false,43,1776802947874.901,93943
r-16593944,r-16593944,3944,BusinessPartnerPanNumber-16593944,ser-16593944,2014-02-04,r-16593944,true,true,true,3944,SupplierFullName-16593944,SupplierName-16593944,egistration-16593944,2022-07-05,tionalLocNo-16593944,true,s-16593944,3944,6593944,93944,4,4,3944,44,2010-12-17,3944,p-16593944,44,Number1-16593944,r2-16593944,axNumber3-16593944,axNumber4-16593944,TaxNumber5-16593944,sponsible-16593944,44,4,true,44,273462897851.393,93944
r-16593945,r-16593945,3945,BusinessPartnerPanNumber-16593945,ser-16593945,2013-08-02,r-16593945,false,false,false,3945,SupplierFullName-16593945,SupplierName-16593945,egistration-16593945,2005-04-30,tionalLocNo-16593945,false,s-16593945,3945,6593945,93945,5,5,3945,45,2009-07-17,3945,p-16593945,45,Number1-16593945,r2-16593945,axNumber3-16593945,axNumber4-16593945,TaxNumber5-16593945,sponsible-16593945,45,5,false,45,4539298301223.192,93945
r-16593946,r-16593946,3946,BusinessPartnerPanNumber-16593946,ser-16593946,2003-02-28,r-16593946,true,true,true,3946,SupplierFullName-16593946,SupplierName-16593946,egistration-16593946,2010-04-15,tionalLocNo-16593946,true,s-16593946,3946,6593946,93946,6,6,3946,46,2011-05-07,3946,p-16593946,46,Number1-16593946,r2-16593946,axNumber3-16593946,axNumber4-16593946,TaxNumber5-16593946,sponsible-16593946,46,6,true,46,8918517344078.799,93946
r-16593947,r-16593947,3947,BusinessPartnerPanNumber-16593947,ser-16593947,2019-03-23,r-16593947,false,false,false,3947,SupplierFullName-16593947,SupplierName-16593947,egistration-16593947,2022-04-24,tionalLocNo-16593947,false,s-16593947,3947,6593947,93947,7,7,3947,47,2020-06-23,3947,p-16593947,47,Number1-16593947,r2-16593947,axNumber3-16593947,axNumber4-16593947,TaxNumber5-16593947,sponsible-16593947,47,7,false,47,4927893666241.871,93947
r-16593948,r-16593948,3948,BusinessPartnerPanNumber-16593948,ser-16593948,2012-02-18,r-16593948,true,true,true,3948,SupplierFullName-16593948,SupplierName-16593948,egistration-16593948,2022-04-21,tionalLocNo-16593948,true,s-16593948,3948,6593948,93948,8,8,3948,48,2008-05-20,3948,p-16593948,48,Number1-16593948,r2-16593948,axNumber3-16593948,axNumber4-16593948,TaxNumber5-16593948,sponsible-16593948,48,8,true,48,293764341992.519,93948
r-16593949,r-16593949,3949,BusinessPartnerPanNumber-16593949,ser-16593949,2007-09-08,r-16593949,false,false,false,3949,SupplierFullName-16593949,SupplierName-16593949,egistration-16593949,2015-02-05,tionalLocNo-16593949,false,s-16593949,3949,6593949,93949,9,9,3949,49,2012-08-06,3949,p-16593949,49,Number1-16593949,r2-16593949,axNumber3-16593949,axNumber4-16593949,TaxNumber5-16593949,sponsible-16593949,49,9,false,49,6066667816396.808,93949
r-16593950,r-16593950,3950,BusinessPartnerPanNumber-16593950,ser-16593950,2016-12-05,r-16593950,true,true,true,3950,SupplierFullName-16593950,SupplierName-16593950,egistration-16593950,2009-08-06,tionalLocNo-16593950,true,s-16593950,3950,6593950,93950,0,0,3950,50,2008-07-08,3950,p-16593950,50,Number1-16593950,r2-16593950,axNumber3-16593950,axNumber4-16593950,TaxNumber5-16593950,sponsible-16593950,50,0,true,50,1041476137707.894,93950
r-16593951,r-16593951,3951,BusinessPartnerPanNumber-16593951,ser-16593951,2006-09-17,r-16593951,false,false,false,3951,SupplierFullName-16593951,SupplierName-16593951,egistration-16593951,2022-02-28,tionalLocNo-16593951,false,s-16593951,3951,6593951,93951,1,1,3951,51,2003-03-09,3951,p-16593951,51,Number1-16593951,r2-16593951,axNumber3-16593951,axNumber4-16593951,TaxNumber5-16593951,sponsible-16593951,51,1,false,51,4730476291662.514,93951
r-16593952,r-16593952,3952,BusinessPartnerPanNumber-16593952,ser-16593952,2012-11-05,r-16593952,true,true,true,3952,SupplierFullName-16593952,SupplierName-16593952,egistration-16593952,2011-03-03,tionalLocNo-16593952,true,s-16593952,3952,6593952,93952,2,2,3952,52,2010-06-01,3952,p-16593952,52,Number1-16593952,r2-16593952,axNumber3-16593952,axNumber4-16593952,TaxNumber5-16593952,sponsible-16593952,52,2,true,52,7026481537452.859,93952
r-16593953,r-16593953,3953,BusinessPartnerPanNumber-16593953,ser-16593953,2021-05-03,r-16593953,false,false,false,3953,SupplierFullName-16593953,SupplierName-16593953,egistration-16593953,2001-03-30,tionalLocNo-16593953,false,s-16593953,3953,6593953,93953,3,3,3953,53,2003-04-15,3953,p-16593953,53,Number1-16593953,r2-16593953,axNumber3-16593953,axNumber4-16593953,TaxNumber5-16593953,sponsible-16593953,53,3,false,53,8882038693119.22,93953
r-16593954,r-16593954,3954,BusinessPartnerPanNumber-16593954,ser-16593954,2008-05-07,r-16593954,true,true,true,3954,SupplierFullName-16593954,SupplierName-16593954,egistration-16593954,2014-01-18,tionalLocNo-16593954,true,s-16593954,3954,6593954,93954,4,4,3954,54,2005-06-08,3954,p-16593954,54,Number1-16593954,r2-16593954,axNumber3-16593954,axNumber4-16593954,TaxNumber5-16593954,sponsible-16593954,54,4,true,54,6340160926135.819,93954
r-16593955,r-16593955,3955,BusinessPartnerPanNumber-16593955,ser-16593955,2002-10-12,r-16593955,false,false,false,3955,SupplierFullName-16593955,SupplierName-16593955,egistration-16593955,2005-10-13,tionalLocNo-16593955,false,s-16593955,3955,6593955,93955,5,5,3955,55,2006-12-06,3955,p-16593955,55,Number1-16593955,r2-16593955,axNumber3-16593955,axNumber4-16593955,TaxNumber5-16593955,sponsible-16593955,55,5,false,55,5630860083336.516,93955
r-16593956,r-16593956,3956,BusinessPartnerPanNumber-16593956,ser-16593956,2015-08-05,r-16593956,true,true,true,3956,SupplierFullName-16593956,SupplierName-16593956,egistration-16593956,2022-12-04,tionalLocNo-16593956,true,s-16593956,3956,6593956,93956,6,6,3956,56,2009-12-21,3956,p-16593956,56,Number1-16593956,r2-16593956,axNumber3-16593956,axNumber4-16593956,TaxNumber5-16593956,sponsible-16593956,56,6,true,56,8785321944794.61,93956
r-16593957,r-16593957,3957,BusinessPartnerPanNumber-16593957,ser-16593957,2011-03-07,r-16593957,false,false,false,3957,SupplierFullName-16593957,SupplierName-16593957,egistration-16593957,2002-03-30,tionalLocNo-16593957,false,s-16593957,3957,6593957,93957,7,7,3957,57,2017-05-31,3957,p-16593957,57,Number1-16593957,r2-16593957,axNumber3-16593957,axNumber4-16593957,TaxNumber5-16593957,sponsible-16593957,57,7,false,57,2236000975843.338,93957
r-16593958,r-16593958,3958,BusinessPartnerPanNumber-16593958,ser-16593958,2021-11-15,r-16593958,true,true,true,3958,SupplierFullName-16593958,SupplierName-16593958,egistration-16593958,2009-02-15,tionalLocNo-16593958,true,s-16593958,3958,6593958,93958,8,8,3958,58,2018-02-18,3958,p-16593958,58,Number1-16593958,r2-16593958,axNumber3-16593958,axNumber4-16593958,TaxNumber5-16593958,sponsible-16593958,58,8,true,58,2676576522367.569,93958
r-16593959,r-16593959,3959,BusinessPartnerPanNumber-16593959,ser-16593959,2019-10-25,r-16593959,false,false,false,3959,SupplierFullName-16593959,SupplierName-16593959,egistration-16593959,2023-12-27,tionalLocNo-16593959,false,s-16593959,3959,6593959,93959,9,9,3959,59,2008-10-09,3959,p-16593959,59,Number1-16593959,r2-16593959,axNumber3-16593959,axNumber4-16593959,TaxNumber5-16593959,sponsible-16593959,59,9,false,59,8010548165741.633,93959
r-16593960,r-16593960,3960,BusinessPartnerPanNumber-16593960,ser-16593960,2019-07-03,r-16593960,true,true,true,3960,SupplierFullName-16593960,SupplierName-16593960,egistration-16593960,2022-12-09,tionalLocNo-16593960,true,s-16593960,3960,6593960,93960,0,0,3960,60,2022-06-30,3960,p-16593960,60,Number1-16593960,r2-16593960,axNumber3-16593960,axNumber4-16593960,TaxNumber5-16593960,sponsible-16593960,60,0,true,60,8202649821693.905,93960
r-16593961,r-16593961,3961,BusinessPartnerPanNumber-16593961,ser-16593961,2018-08-17,r-16593961,false,false,false,3961,SupplierFullName-16593961,SupplierName-16593961,egistration-16593961,2020-08-16,tionalLocNo-16593961,false,s-16593961,3961,6593961,93961,1,1,3961,61,2017-02-05,3961,p-16593961,61,Number1-16593961,r2-16593961,axNumber3-16593961,axNumber4-16593961,TaxNumber5-16593961,sponsible-16593961,61,1,false,61,6632874775629.291,93961
r-16593962,r-16593962,3962,BusinessPartnerPanNumber-16593962,ser-16593962,2023-04-27,r-16593962,true,true,true,3962,SupplierFullName-16593962,SupplierName-16593962,egistration-16593962,2022-04-01,tionalLocNo-16593962,true,s-16593962,3962,6593962,93962,2,2,3962,62,2005-03-06,3962,p-16593962,62,Number1-16593962,r2-16593962,axNumber3-16593962,axNumber4-16593962,TaxNumber5-16593962,sponsible-16593962,62,2,true,62,5922703767535.226,93962
r-16593963,r-16593963,3963,BusinessPartnerPanNumber-16593963,ser-16593963,2004-07-11,r-16593963,false,false,false,3963,SupplierFullName-16593963,SupplierName-16593963,egistration-16593963,2013-05-01,tionalLocNo-16593963,false,s-16593963,3963,6593963,93963,3,3,3963,63,2000-04-30,3963,p-16593963,63,Number1-16593963,r2-16593963,axNumber3-16593963,axNumber4-16593963,TaxNumber5-16593963,sponsible-16593963,63,3,false,63,5093246157771.577,93963
r-16593964,r-16593964,3964,BusinessPartnerPanNumber-16593964,ser-16593964,2002-07-03,r-16593964,true,true,true,3964,SupplierFullName-16593964,SupplierName-16593964,egistration-16593964,2014-09-18,tionalLocNo-16593964,true,s-16593964,3964,6593964,93964,4,4,3964,64,2015-04-12,3964,p-16593964,64,Number1-16593964,r2-16593964,axNumber3-16593964,axNumber4-16593964,TaxNumber5-16593964,sponsible-16593964,64,4,true,64,4284558905816.975,93964
r-16593965,r-16593965,3965,BusinessPartnerPanNumber-16593965,ser-16593965,2007-03-10,r-16593965,false,false,false,3965,SupplierFullName-16593965,SupplierName-16593965,egistration-16593965,2008-10-20,tionalLocNo-16593965,false,s-16593965,3965,6593965,93965,5,5,3965,65,2010-07-06,3965,p-16593965,65,Number1-16593965,r2-16593965,axNumber3-16593965,axNumber4-16593965,TaxNumber5-16593965,sponsible-16593965,65,5,false,65,2879062885162.064,93965
r-16593966,r-16593966,3966,BusinessPartnerPanNumber-16593966,ser-16593966,2013-04-23,r-16593966,true,true,true,3966,SupplierFullName-16593966,SupplierName-16593966,egistration-16593966,2001-09-14,tionalLocNo-16593966,true,s-16593966,3966,6593966,93966,6,6,3966,66,2008-01-19,3966,p-16593966,66,Number1-16593966,r2-16593966,axNumber3-16593966,axNumber4-16593966,TaxNumber5-16593966,sponsible-16593966,66,6,true,66,797287614523.99,93966
r-16593967,r-16593967,3967,BusinessPartnerPanNumber-16593967,ser-16593967,2012-11-30,r-16593967,false,false,false,3967,SupplierFullName-16593967,SupplierName-16593967,egistration-16593967,2002-01-24,tionalLocNo-16593967,false,s-16593967,3967,6593967,93967,7,7,3967,67,2006-10-08,3967,p-16593967,67,Number1-16593967,r2-16593967,axNumber3-16593967,axNumber4-16593967,TaxNumber5-16593967,sponsible-16593967,67,7,false,67,7960368738602.565,93967
r-16593968,r-16593968,3968,BusinessPartnerPanNumber-16593968,ser-16593968,2008-02-04,r-16593968,true,true,true,3968,SupplierFullName-16593968,SupplierName-16593968,egistration-16593968,2021-10-28,tionalLocNo-16593968,true,s-16593968,3968,6593968,93968,8,8,3968,68,2008-07-28,3968,p-16593968,68,Number1-16593968,r2-16593968,axNumber3-16593968,axNumber4-16593968,TaxNumber5-16593968,sponsible-16593968,68,8,true,68,9219539147871.24,93968
r-16593969,r-16593969,3969,BusinessPartnerPanNumber-16593969,ser-16593969,2001-09-20,r-16593969,false,false,false,3969,SupplierFullName-16593969,SupplierName-16593969,egistration-16593969,2012-08-18,tionalLocNo-16593969,false,s-16593969,3969,6593969,93969,9,9,3969,69,2013-08-31,3969,p-16593969,69,Number1-16593969,r2-16593969,axNumber3-16593969,axNumber4-16593969,TaxNumber5-16593969,sponsible-16593969,69,9,false,69,5863638898459.797,93969
r-16593970,r-16593970,3970,BusinessPartnerPanNumber-16593970,ser-16593970,2006-11-02,r-16593970,true,true,true,3970,SupplierFullName-16593970,SupplierName-16593970,egistration-16593970,2017-07-03,tionalLocNo-16593970,true,s-16593970,3970,6593970,93970,0,0,3970,70,2011-05-08,3970,p-16593970,70,Number1-16593970,r2-16593970,axNumber3-16593970,axNumber4-16593970,TaxNumber5-16593970,sponsible-16593970,70,0,true,70,2202087502940.611,93970
r-16593971,r-16593971,3971,BusinessPartnerPanNumber-16593971,ser-16593971,2000-06-19,r-16593971,false,false,false,3971,SupplierFullName-16593971,SupplierName-16593971,egistration-16593971,2016-10-26,tionalLocNo-16593971,false,s-16593971,3971,6593971,93971,1,1,3971,71,2004-07-01,3971,p-16593971,71,Number1-16593971,r2-16593971,axNumber3-16593971,axNumber4-16593971,TaxNumber5-16593971,sponsible-16593971,71,1,false,71,2513064753012.423,93971
r-16593972,r-16593972,3972,BusinessPartnerPanNumber-16593972,ser-16593972,2009-11-12,r-16593972,true,true,true,3972,SupplierFullName-16593972,SupplierName-16593972,egistration-16593972,2018-06-15,tionalLocNo-16593972,true,s-16593972,3972,6593972,93972,2,2,3972,72,2018-09-24,3972,p-16593972,72,Number1-16593972,r2-16593972,axNumber3-16593972,axNumber4-16593972,TaxNumber5-16593972,sponsible-16593972,72,2,true,72,4040135611091.779,93972
r-16593973,r-16593973,3973,BusinessPartnerPanNumber-16593973,ser-16593973,2006-11-23,r-16593973,false,false,false,3973,SupplierFullName-16593973,SupplierName-16593973,egistration-16593973,2021-04-02,tionalLocNo-16593973,false,s-16593973,3973,6593973,93973,3,3,3973,73,2013-06-10,3973,p-16593973,73,Number1-16593973,r2-16593973,axNumber3-16593973,axNumber4-16593973,TaxNumber5-16593973,sponsible-16593973,73,3,false,73,8620749612312.014,93973
r-16593974,r-16593974,3974,BusinessPartnerPanNumber-16593974,ser-16593974,2003-08-17,r-16593974,true,true,true,3974,SupplierFullName-16593974,SupplierName-16593974,egistration-16593974,2006-03-04,tionalLocNo-16593974,true,s-16593974,3974,6593974,93974,4,4,3974,74,2021-09-02,3974,p-16593974,74,Number1-16593974,r2-16593974,axNumber3-16593974,axNumber4-16593974,TaxNumber5-16593974,sponsible-16593974,74,4,true,74,4806833060314.336,93974
r-16593975,r-16593975,3975,BusinessPartnerPanNumber-16593975,ser-16593975,2009-07-20,r-16593975,false,false,false,3975,SupplierFullName-16593975,SupplierName-16593975,egistration-16593975,2009-04-03,tionalLocNo-16593975,false,s-16593975,3975,6593975,93975,5,5,3975,75,2005-03-05,3975,p-16593975,75,Number1-16593975,r2-16593975,axNumber3-16593975,axNumber4-16593975,TaxNumber5-16593975,sponsible-16593975,75,5,false,75,5970042018441.903,93975
r-16593976,r-16593976,3976,BusinessPartnerPanNumber-16593976,ser-16593976,2010-07-20,r-16593976,true,true,true,3976,SupplierFullName-16593976,SupplierName-16593976,egistration-16593976,2013-06-21,tionalLocNo-16593976,true,s-16593976,3976,6593976,93976,6,6,3976,76,2009-02-22,3976,p-16593976,76,Number1-16593976,r2-16593976,axNumber3-16593976,axNumber4-16593976,TaxNumber5-16593976,sponsible-16593976,76,6,true,76,254639318530.655,93976
r-16593977,r-16593977,3977,BusinessPartnerPanNumber-16593977,ser-16593977,2008-02-09,r-16593977,false,false,false,3977,SupplierFullName-16593977,SupplierName-16593977,egistration-16593977,2019-10-17,tionalLocNo-16593977,false,s-16593977,3977,6593977,93977,7,7,3977,77,2014-08-06,3977,p-16593977,77,Number1-16593977,r2-16593977,axNumber3-16593977,axNumber4-16593977,TaxNumber5-16593977,sponsible-16593977,77,7,false,77,9278476560547.52,93977
r-16593978,r-16593978,3978,BusinessPartnerPanNumber-16593978,ser-16593978,2022-05-20,r-16593978,true,true,true,3978,SupplierFullName-16593978,SupplierName-16593978,egistration-16593978,2018-12-01,tionalLocNo-16593978,true,s-16593978,3978,6593978,93978,8,8,3978,78,2010-05-25,3978,p-16593978,78,Number1-16593978,r2-16593978,axNumber3-16593978,axNumber4-16593978,TaxNumber5-16593978,sponsible-16593978,78,8,true,78,2729187377020.883,93978
r-16593979,r-16593979,3979,BusinessPartnerPanNumber-16593979,ser-16593979,2021-12-09,r-16593979,false,false,false,3979,SupplierFullName-16593979,SupplierName-16593979,egistration-16593979,2012-02-01,tionalLocNo-16593979,false,s-16593979,3979,6593979,93979,9,9,3979,79,2015-05-14,3979,p-16593979,79,Number1-16593979,r2-16593979,axNumber3-16593979,axNumber4-16593979,TaxNumber5-16593979,sponsible-16593979,79,9,false,79,9080467536508.33,93979
r-16593980,r-16593980,3980,BusinessPartnerPanNumber-16593980,ser-16593980,2001-11-20,r-16593980,true,true,true,3980,SupplierFullName-16593980,SupplierName-16593980,egistration-16593980,2016-05-03,tionalLocNo-16593980,true,s-16593980,3980,6593980,93980,0,0,3980,80,2010-10-30,3980,p-16593980,80,Number1-16593980,r2-16593980,axNumber3-16593980,axNumber4-16593980,TaxNumber5-16593980,sponsible-16593980,80,0,true,80,688227736702.349,93980
r-16593981,r-16593981,3981,BusinessPartnerPanNumber-16593981,ser-16593981,2023-12-07,r-16593981,false,false,false,3981,SupplierFullName-16593981,SupplierName-16593981,egistration-16593981,2003-02-23,tionalLocNo-16593981,false,s-16593981,3981,6593981,93981,1,1,3981,81,2019-05-01,3981,p-16593981,81,Number1-16593981,r2-16593981,axNumber3-16593981,axNumber4-16593981,TaxNumber5-16593981,sponsible-16593981,81,1,false,81,1638574122284.298,93981
r-16593982,r-16593982,3982,BusinessPartnerPanNumber-16593982,ser-16593982,2010-02-23,r-16593982,true,true,true,3982,SupplierFullName-16593982,SupplierName-16593982,egistration-16593982,2021-06-27,tionalLocNo-16593982,true,s-16593982,3982,6593982,93982,2,2,3982,82,2013-10-17,3982,p-16593982,82,Number1-16593982,r2-16593982,axNumber3-16593982,axNumber4-16593982,TaxNumber5-16593982,sponsible-16593982,82,2,true,82,2722874666111.592,93982
r-16593983,r-16593983,3983,BusinessPartnerPanNumber-16593983,ser-16593983,2023-02-03,r-16593983,false,false,false,3983,SupplierFullName-16593983,SupplierName-16593983,egistration-16593983,2016-02-20,tionalLocNo-16593983,false,s-16593983,3983,6593983,93983,3,3,3983,83,2012-11-30,3983,p-16593983,83,Number1-16593983,r2-16593983,axNumber3-16593983,axNumber4-16593983,TaxNumber5-16593983,sponsible-16593983,83,3,false,83,7789850014344.764,93983
r-16593984,r-16593984,3984,BusinessPartnerPanNumber-16593984,ser-16593984,2023-07-01,r-16593984,true,true,true,3984,SupplierFullName-16593984,SupplierName-16593984,egistration-16593984,2023-11-27,tionalLocNo-16593984,true,s-16593984,3984,6593984,93984,4,4,3984,84,2006-10-27,3984,p-16593984,84,Number1-16593984,r2-16593984,axNumber3-16593984,axNumber4-16593984,TaxNumber5-16593984,sponsible-16593984,84,4,true,84,8611037749375.72,93984
r-16593985,r-16593985,3985,BusinessPartnerPanNumber-16593985,ser-16593985,2005-02-18,r-16593985,false,false,false,3985,SupplierFullName-16593985,SupplierName-16593985,egistration-16593985,2013-01-09,tionalLocNo-16593985,false,s-16593985,3985,6593985,93985,5,5,3985,85,2005-02-21,3985,p-16593985,85,Number1-16593985,r2-16593985,axNumber3-16593985,axNumber4-16593985,TaxNumber5-16593985,sponsible-16593985,85,5,false,85,7087503885059.85,93985
r-16593986,r-16593986,3986,BusinessPartnerPanNumber-16593986,ser-16593986,2002-08-02,r-16593986,true,true,true,3986,SupplierFullName-16593986,SupplierName-16593986,egistration-16593986,2002-03-24,tionalLocNo-16593986,true,s-16593986,3986,6593986,93986,6,6,3986,86,2002-03-29,3986,p-16593986,86,Number1-16593986,r2-16593986,axNumber3-16593986,axNumber4-16593986,TaxNumber5-16593986,sponsible-16593986,86,6,true,86,6014652387689.337,93986
r-16593987,r-16593987,3987,BusinessPartnerPanNumber-16593987,ser-16593987,2015-08-21,r-16593987,false,false,false,3987,SupplierFullName-16593987,SupplierName-16593987,egistration-16593987,2000-07-22,tionalLocNo-16593987,false,s-16593987,3987,6593987,93987,7,7,3987,87,2015-12-14,3987,p-16593987,87,Number1-16593987,r2-16593987,axNumber3-16593987,axNumber4-16593987,TaxNumber5-16593987,sponsible-16593987,87,7,false,87,567901657285.122,93987
r-16593988,r-16593988,3988,BusinessPartnerPanNumber-16593988,ser-16593988,2013-03-18,r-16593988,true,true,true,3988,SupplierFullName-16593988,SupplierName-16593988,egistration-16593988,2001-09-07,tionalLocNo-16593988,true,s-16593988,3988,6593988,93988,8,8,3988,88,2010-03-29,3988,p-16593988,88,Number1-16593988,r2-16593988,axNumber3-16593988,axNumber4-16593988,TaxNumber5-16593988,sponsible-16593988,88,8,true,88,8878445681481.076,93988
r-16593989,r-16593989,3989,BusinessPartnerPanNumber-16593989,ser-16593989,2004-07-26,r-16593989,false,false,false,3989,SupplierFullName-16593989,SupplierName-16593989,egistration-16593989,2004-08-06,tionalLocNo-16593989,false,s-16593989,3989,6593989,93989,9,9,3989,89,2006-09-12,3989,p-16593989,89,Number1-16593989,r2-16593989,axNumber3-16593989,axNumber4-16593989,TaxNumber5-16593989,sponsible-16593989,89,9,false,89,4697964524446.181,93989
r-16593990,r-16593990,3990,BusinessPartnerPanNumber-16593990,ser-16593990,2001-03-15,r-16593990,true,true,true,3990,SupplierFullName-16593990,SupplierName-16593990,egistration-16593990,2002-07-04,tionalLocNo-16593990,true,s-16593990,3990,6593990,93990,0,0,3990,90,2020-11-14,3990,p-16593990,90,Number1-16593990,r2-16593990,axNumber3-16593990,axNumber4-16593990,TaxNumber5-16593990,sponsible-16593990,90,0,true,90,6164567548933.512,93990
r-16593991,r-16593991,3991,BusinessPartnerPanNumber-16593991,ser-16593991,2017-11-25,r-16593991,false,false,false,3991,SupplierFullName-16593991,SupplierName-16593991,egistration-16593991,2018-11-27,tionalLocNo-16593991,false,s-16593991,3991,6593991,93991,1,1,3991,91,2005-02-23,3991,p-16593991,91,Number1-16593991,r2-16593991,axNumber3-16593991,axNumber4-16593991,TaxNumber5-16593991,sponsible-16593991,91,1,false,91,6347025318694.109,93991
r-16593992,r-16593992,3992,BusinessPartnerPanNumber-16593992,ser-16593992,2001-07-24,r-16593992,true,true,true,3992,SupplierFullName-16593992,SupplierName-16593992,egistration-16593992,2018-07-13,tionalLocNo-16593992,true,s-16593992,3992,6593992,93992,2,2,3992,92,2002-10-05,3992,p-16593992,92,Number1-16593992,r2-16593992,axNumber3-16593992,axNumber4-16593992,TaxNumber5-16593992,sponsible-16593992,92,2,true,92,8600760357673.152,93992
r-16593993,r-16593993,3993,BusinessPartnerPanNumber-16593993,ser-16593993,2015-01-08,r-16593993,false,false,false,3993,SupplierFullName-16593993,SupplierName-16593993,egistration-16593993,2013-01-28,tionalLocNo-16593993,false,s-16593993,3993,6593993,93993,3,3,3993,93,2011-03-24,3993,p-16593993,93,Number1-16593993,r2-16593993,axNumber3-16593993,axNumber4-16593993,TaxNumber5-16593993,sponsible-16593993,93,3,false,93,8205401306387.464,93993
r-16593994,r-16593994,3994,BusinessPartnerPanNumber-16593994,ser-16593994,2010-10-02,r-16593994,true,true,true,3994,SupplierFullName-16593994,SupplierName-16593994,egistration-16593994,2006-05-20,tionalLocNo-16593994,true,s-16593994,3994,6593994,93994,4,4,3994,94,2002-12-23,3994,p-16593994,94,Number1-16593994,r2-16593994,axNumber3-16593994,axNumber4-16593994,TaxNumber5-16593994,sponsible-16593994,94,4,true,94,3495135823204.626,93994
r-16593995,r-16593995,3995,BusinessPartnerPanNumber-16593995,ser-16593995,2006-02-19,r-16593995,false,false,false,3995,SupplierFullName-16593995,SupplierName-16593995,egistration-16593995,2017-01-26,tionalLocNo-16593995,false,s-16593995,3995,6593995,93995,5,5,3995,95,2000-04-24,3995,p-16593995,95,Number1-16593995,r2-16593995,axNumber3-16593995,axNumber4-16593995,TaxNumber5-16593995,sponsible-16593995,95,5,false,95,5036662439939.852,93995
r-16593996,r-16593996,3996,BusinessPartnerPanNumber-16593996,ser-16593996,2009-03-02,r-16593996,true,true,true,3996,SupplierFullName-16593996,SupplierName-16593996,egistration-16593996,2004-02-08,tionalLocNo-16593996,true,s-16593996,3996,6593996,93996,6,6,3996,96,2005-03-26,3996,p-16593996,96,Number1-16593996,r2-16593996,axNumber3-16593996,axNumber4-16593996,TaxNumber5-16593996,sponsible-16593996,96,6,true,96,7364657353768.739,93996
r-16593997,r-16593997,3997,BusinessPartnerPanNumber-16593997,ser-16593997,2014-05-27,r-16593997,false,false,false,3997,SupplierFullName-16593997,SupplierName-16593997,egistration-16593997,2010-08-31,tionalLocNo-16593997,false,s-16593997,3997,6593997,93997,7,7,3997,97,2020-02-29,3997,p-16593997,97,Number1-16593997,r2-16593997,axNumber3-16593997,axNumber4-16593997,TaxNumber5-16593997,sponsible-16593997,97,7,false,97,9753021912555.568,93997
r-16593998,r-16593998,3998,BusinessPartnerPanNumber-16593998,ser-16593998,2022-01-18,r-16593998,true,true,true,3998,SupplierFullName-16593998,SupplierName-16593998,egistration-16593998,2023-03-16,tionalLocNo-16593998,true,s-16593998,3998,6593998,93998,8,8,3998,98,2002-10-18,3998,p-16593998,98,Number1-16593998,r2-16593998,axNumber3-16593998,axNumber4-16593998,TaxNumber5-16593998,sponsible-16593998,98,8,true,98,7928568209566.04,93998
r-16593999,r-16593999,3999,BusinessPartnerPanNumber-16593999,ser-16593999,2013-09-07,r-16593999,false,false,false,3999,SupplierFullName-16593999,SupplierName-16593999,egistration-16593999,2020-03-18,tionalLocNo-16593999,false,s-16593999,3999,6593999,93999,9,9,3999,99,2005-09-02,3999,p-16593999,99,Number1-16593999,r2-16593999,axNumber3-16593999,axNumber4-16593999,TaxNumber5-16593999,sponsible-16593999,99,9,false,99,172676985956.63,93999
r-16594000,r-16594000,4000,BusinessPartnerPanNumber-16594000,ser-16594000,2009-01-14,r-16594000,true,true,true,4000,SupplierFullName-16594000,SupplierName-16594000,egistration-16594000,2006-11-21,tionalLocNo-16594000,true,s-16594000,4000,6594000,94000,0,0,4000,00,2004-10-23,4000,p-16594000,00,Number1-16594000,r2-16594000,axNumber3-16594000,axNumber4-16594000,TaxNumber5-16594000,sponsible-16594000,00,0,true,00,1023951984247.765,94000
r-16594001,r-16594001,4001,BusinessPartnerPanNumber-16594001,ser-16594001,2001-10-03,r-16594001,false,false,false,4001,SupplierFullName-16594001,SupplierName-16594001,egistration-16594001,2017-04-02,tionalLocNo-16594001,false,s-16594001,4001,6594001,94001,1,1,4001,01,2003-11-03,4001,p-16594001,01,Number1-16594001,r2-16594001,axNumber3-16594001,axNumber4-16594001,TaxNumber5-16594001,sponsible-16594001,01,1,false,01,4678014293495.04,94001
r-16594002,r-16594002,4002,BusinessPartnerPanNumber-16594002,ser-16594002,2003-04-02,r-16594002,true,true,true,4002,SupplierFullName-16594002,SupplierName-16594002,egistration-16594002,2008-03-01,tionalLocNo-16594002,true,s-16594002,4002,6594002,94002,2,2,4002,02,2018-02-24,4002,p-16594002,02,Number1-16594002,r2-16594002,axNumber3-16594002,axNumber4-16594002,TaxNumber5-16594002,sponsible-16594002,02,2,true,02,2187234898556.204,94002
r-16594003,r-16594003,4003,BusinessPartnerPanNumber-16594003,ser-16594003,2015-08-22,r-16594003,false,false,false,4003,SupplierFullName-16594003,SupplierName-16594003,egistration-16594003,2022-02-04,tionalLocNo-16594003,false,s-16594003,4003,6594003,94003,3,3,4003,03,2020-01-26,4003,p-16594003,03,Number1-16594003,r2-16594003,axNumber3-16594003,axNumber4-16594003,TaxNumber5-16594003,sponsible-16594003,03,3,false,03,4351688775264.905,94003
r-16594004,r-16594004,4004,BusinessPartnerPanNumber-16594004,ser-16594004,2013-01-19,r-16594004,true,true,true,4004,SupplierFullName-16594004,SupplierName-16594004,egistration-16594004,2005-09-30,tionalLocNo-16594004,true,s-16594004,4004,6594004,94004,4,4,4004,04,2014-07-03,4004,p-16594004,04,Number1-16594004,r2-16594004,axNumber3-16594004,axNumber4-16594004,TaxNumber5-16594004,sponsible-16594004,04,4,true,04,5420920825595.866,94004
r-16594005,r-16594005,4005,BusinessPartnerPanNumber-16594005,ser-16594005,2014-03-02,r-16594005,false,false,false,4005,SupplierFullName-16594005,SupplierName-16594005,egistration-16594005,2010-05-05,tionalLocNo-16594005,false,s-16594005,4005,6594005,94005,5,5,4005,05,2011-09-09,4005,p-16594005,05,Number1-16594005,r2-16594005,axNumber3-16594005,axNumber4-16594005,TaxNumber5-16594005,sponsible-16594005,05,5,false,05,1862506204451.112,94005
r-16594006,r-16594006,4006,BusinessPartnerPanNumber-16594006,ser-16594006,2021-09-01,r-16594006,true,true,true,4006,SupplierFullName-16594006,SupplierName-16594006,egistration-16594006,2015-04-07,tionalLocNo-16594006,true,s-16594006,4006,6594006,94006,6,6,4006,06,2020-07-31,4006,p-16594006,06,Number1-16594006,r2-16594006,axNumber3-16594006,axNumber4-16594006,TaxNumber5-16594006,sponsible-16594006,06,6,true,06,8062639438874.847,94006
r-16594007,r-16594007,4007,BusinessPartnerPanNumber-16594007,ser-16594007,2008-10-11,r-16594007,false,false,false,4007,SupplierFullName-16594007,SupplierName-16594007,egistration-16594007,2022-10-06,tionalLocNo-16594007,false,s-16594007,4007,6594007,94007,7,7,4007,07,2009-06-20,4007,p-16594007,07,Number1-16594007,r2-16594007,axNumber3-16594007,axNumber4-16594007,TaxNumber5-16594007,sponsible-16594007,07,7,false,07,8235722711773.4,94007
r-16594008,r-16594008,4008,BusinessPartnerPanNumber-16594008,ser-16594008,2014-06-27,r-16594008,true,true,true,4008,SupplierFullName-16594008,SupplierName-16594008,egistration-16594008,2016-07-23,tionalLocNo-16594008,true,s-16594008,4008,6594008,94008,8,8,4008,08,2007-10-09,4008,p-16594008,08,Number1-16594008,r2-16594008,axNumber3-16594008,axNumber4-16594008,TaxNumber5-16594008,sponsible-16594008,08,8,true,08,2843660847395.002,94008
r-16594009,r-16594009,4009,BusinessPartnerPanNumber-16594009,ser-16594009,2003-03-26,r-16594009,false,false,false,4009,SupplierFullName-16594009,SupplierName-16594009,egistration-16594009,2007-09-20,tionalLocNo-16594009,false,s-16594009,4009,6594009,94009,9,9,4009,09,2022-11-08,4009,p-16594009,09,Number1-16594009,r2-16594009,axNumber3-16594009,axNumber4-16594009,TaxNumber5-16594009,sponsible-16594009,09,9,false,09,6001014238233.246,94009
r-16594010,r-16594010,4010,BusinessPartnerPanNumber-16594010,ser-16594010,2000-11-21,r-16594010,true,true,true,4010,SupplierFullName-16594010,SupplierName-16594010,egistration-16594010,2012-08-25,tionalLocNo-16594010,true,s-16594010,4010,6594010,94010,0,0,4010,10,2008-11-05,4010,p-16594010,10,Number1-16594010,r2-16594010,axNumber3-16594010,axNumber4-16594010,TaxNumber5-16594010,sponsible-16594010,10,0,true,10,3592517233049.411,94010
r-16594011,r-16594011,4011,BusinessPartnerPanNumber-16594011,ser-16594011,2022-09-29,r-16594011,false,false,false,4011,SupplierFullName-16594011,SupplierName-16594011,egistration-16594011,2007-10-18,tionalLocNo-16594011,false,s-16594011,4011,6594011,94011,1,1,4011,11,2017-07-22,4011,p-16594011,11,Number1-16594011,r2-16594011,axNumber3-16594011,axNumber4-16594011,TaxNumber5-16594011,sponsible-16594011,11,1,false,11,5766019255294.116,94011
r-16594012,r-16594012,4012,BusinessPartnerPanNumber-16594012,ser-16594012,2015-06-23,r-16594012,true,true,true,4012,SupplierFullName-16594012,SupplierName-16594012,egistration-16594012,2003-02-19,tionalLocNo-16594012,true,s-16594012,4012,6594012,94012,2,2,4012,12,2004-06-25,4012,p-16594012,12,Number1-16594012,r2-16594012,axNumber3-16594012,axNumber4-16594012,TaxNumber5-16594012,sponsible-16594012,12,2,true,12,8125531776422.726,94012
r-16594013,r-16594013,4013,BusinessPartnerPanNumber-16594013,ser-16594013,2016-04-12,r-16594013,false,false,false,4013,SupplierFullName-16594013,SupplierName-16594013,egistration-16594013,2015-03-05,tionalLocNo-16594013,false,s-16594013,4013,6594013,94013,3,3,4013,13,2007-01-03,4013,p-16594013,13,Number1-16594013,r2-16594013,axNumber3-16594013,axNumber4-16594013,TaxNumber5-16594013,sponsible-16594013,13,3,false,13,9458124624790.375,94013
r-16594014,r-16594014,4014,BusinessPartnerPanNumber-16594014,ser-16594014,2004-01-19,r-16594014,true,true,true,4014,SupplierFullName-16594014,SupplierName-16594014,egistration-16594014,2008-04-07,tionalLocNo-16594014,true,s-16594014,4014,6594014,94014,4,4,4014,14,2017-01-06,4014,p-16594014,14,Number1-16594014,r2-16594014,axNumber3-16594014,axNumber4-16594014,TaxNumber5-16594014,sponsible-16594014,14,4,true,14,4207787667834.433,94014
r-16594015,r-16594015,4015,BusinessPartnerPanNumber-16594015,ser-16594015,2022-04-10,r-16594015,false,false,false,4015,SupplierFullName-16594015,SupplierName-16594015,egistration-16594015,2006-01-15,tionalLocNo-16594015,false,s-16594015,4015,6594015,94015,5,5,4015,15,2008-08-27,4015,p-16594015,15,Number1-16594015,r2-16594015,axNumber3-16594015,axNumber4-16594015,TaxNumber5-16594015,sponsible-16594015,15,5,false,15,729736981603.019,94015
r-16594016,r-16594016,4016,BusinessPartnerPanNumber-16594016,ser-16594016,2011-09-26,r-16594016,true,true,true,4016,SupplierFullName-16594016,SupplierName-16594016,egistration-16594016,2002-12-06,tionalLocNo-16594016,true,s-16594016,4016,6594016,94016,6,6,4016,16,2021-06-13,4016,p-16594016,16,Number1-16594016,r2-16594016,axNumber3-16594016,axNumber4-16594016,TaxNumber5-16594016,sponsible-16594016,16,6,true,16,1761248231817.729,94016
r-16594017,r-16594017,4017,BusinessPartnerPanNumber-16594017,ser-16594017,2018-01-25,r-16594017,false,false,false,4017,SupplierFullName-16594017,SupplierName-16594017,egistration-16594017,2015-02-02,tionalLocNo-16594017,false,s-16594017,4017,6594017,94017,7,7,4017,17,2014-08-09,4017,p-16594017,17,Number1-16594017,r2-16594017,axNumber3-16594017,axNumber4-16594017,TaxNumber5-16594017,sponsible-16594017,17,7,false,17,9376961648400.516,94017
r-16594018,r-16594018,4018,BusinessPartnerPanNumber-16594018,ser-16594018,2012-12-06,r-16594018,true,true,true,4018,SupplierFullName-16594018,SupplierName-16594018,egistration-16594018,2005-03-24,tionalLocNo-16594018,true,s-16594018,4018,6594018,94018,8,8,4018,18,2018-02-10,4018,p-16594018,18,Number1-16594018,r2-16594018,axNumber3-16594018,axNumber4-16594018,TaxNumber5-16594018,sponsible-16594018,18,8,true,18,1393093096797.168,94018
r-16594019,r-16594019,4019,BusinessPartnerPanNumber-16594019,ser-16594019,2013-11-05,r-16594019,false,false,false,4019,SupplierFullName-16594019,SupplierName-16594019,egistration-16594019,2002-09-04,tionalLocNo-16594019,false,s-16594019,4019,6594019,94019,9,9,4019,19,2013-12-26,4019,p-16594019,19,Number1-16594019,r2-16594019,axNumber3-16594019,axNumber4-16594019,TaxNumber5-16594019,sponsible-16594019,19,9,false,19,200839814937.194,94019
r-16594020,r-16594020,4020,BusinessPartnerPanNumber-16594020,ser-16594020,2017-06-26,r-16594020,true,true,true,4020,SupplierFullName-16594020,SupplierName-16594020,egistration-16594020,2022-06-06,tionalLocNo-16594020,true,s-16594020,4020,6594020,94020,0,0,4020,20,2014-01-26,4020,p-16594020,20,Number1-16594020,r2-16594020,axNumber3-16594020,axNumber4-16594020,TaxNumber5-16594020,sponsible-16594020,20,0,true,20,6822350200336.65,94020
r-16594021,r-16594021,4021,BusinessPartnerPanNumber-16594021,ser-16594021,2010-11-27,r-16594021,false,false,false,4021,SupplierFullName-16594021,SupplierName-16594021,egistration-16594021,2023-05-27,tionalLocNo-16594021,false,s-16594021,4021,6594021,94021,1,1,4021,21,2000-11-24,4021,p-16594021,21,Number1-16594021,r2-16594021,axNumber3-16594021,axNumber4-16594021,TaxNumber5-16594021,sponsible-16594021,21,1,false,21,3576199666838.615,94021
r-16594022,r-16594022,4022,BusinessPartnerPanNumber-16594022,ser-16594022,2021-09-11,r-16594022,true,true,true,4022,SupplierFullName-16594022,SupplierName-16594022,egistration-16594022,2015-01-30,tionalLocNo-16594022,true,s-16594022,4022,6594022,94022,2,2,4022,22,2021-05-01,4022,p-16594022,22,Number1-16594022,r2-16594022,axNumber3-16594022,axNumber4-16594022,TaxNumber5-16594022,sponsible-16594022,22,2,true,22,3808136010895.491,94022
r-16594023,r-16594023,4023,BusinessPartnerPanNumber-16594023,ser-16594023,2018-01-30,r-16594023,false,false,false,4023,SupplierFullName-16594023,SupplierName-16594023,egistration-16594023,2017-10-31,tionalLocNo-16594023,false,s-16594023,4023,6594023,94023,3,3,4023,23,2019-12-09,4023,p-16594023,23,Number1-16594023,r2-16594023,axNumber3-16594023,axNumber4-16594023,TaxNumber5-16594023,sponsible-16594023,23,3,false,23,6398924620460.386,94023
r-16594024,r-16594024,4024,BusinessPartnerPanNumber-16594024,ser-16594024,2013-11-11,r-16594024,true,true,true,4024,SupplierFullName-16594024,SupplierName-16594024,egistration-16594024,2006-02-07,tionalLocNo-16594024,true,s-16594024,4024,6594024,94024,4,4,4024,24,2014-02-26,4024,p-16594024,24,Number1-16594024,r2-16594024,axNumber3-16594024,axNumber4-16594024,TaxNumber5-16594024,sponsible-16594024,24,4,true,24,4474740848095.705,94024
