code,name
iceStatuses-19873927,name-19873927
iceStatuses-19873928,name-19873928
iceStatuses-19873929,name-19873929
iceStatuses-19873930,name-19873930
iceStatuses-19873931,name-19873931
iceStatuses-19873932,name-19873932
iceStatuses-19873933,name-19873933
iceStatuses-19873934,name-19873934
iceStatuses-19873935,name-19873935
iceStatuses-19873936,name-19873936
iceStatuses-19873937,name-19873937
iceStatuses-19873938,name-19873938
iceStatuses-19873939,name-19873939
iceStatuses-19873940,name-19873940
iceStatuses-19873941,name-19873941
iceStatuses-19873942,name-19873942
iceStatuses-19873943,name-19873943
iceStatuses-19873944,name-19873944
iceStatuses-19873945,name-19873945
iceStatuses-19873946,name-19873946
iceStatuses-19873947,name-19873947
iceStatuses-19873948,name-19873948
iceStatuses-19873949,name-19873949
iceStatuses-19873950,name-19873950
iceStatuses-19873951,name-19873951
iceStatuses-19873952,name-19873952
iceStatuses-19873953,name-19873953
iceStatuses-19873954,name-19873954
iceStatuses-19873955,name-19873955
iceStatuses-19873956,name-19873956
iceStatuses-19873957,name-19873957
iceStatuses-19873958,name-19873958
iceStatuses-19873959,name-19873959
iceStatuses-19873960,name-19873960
iceStatuses-19873961,name-19873961
iceStatuses-19873962,name-19873962
iceStatuses-19873963,name-19873963
iceStatuses-19873964,name-19873964
iceStatuses-19873965,name-19873965
iceStatuses-19873966,name-19873966
iceStatuses-19873967,name-19873967
iceStatuses-19873968,name-19873968
iceStatuses-19873969,name-19873969
iceStatuses-19873970,name-19873970
iceStatuses-19873971,name-19873971
iceStatuses-19873972,name-19873972
iceStatuses-19873973,name-19873973
iceStatuses-19873974,name-19873974
iceStatuses-19873975,name-19873975
iceStatuses-19873976,name-19873976
iceStatuses-19873977,name-19873977
iceStatuses-19873978,name-19873978
iceStatuses-19873979,name-19873979
iceStatuses-19873980,name-19873980
iceStatuses-19873981,name-19873981
iceStatuses-19873982,name-19873982
iceStatuses-19873983,name-19873983
iceStatuses-19873984,name-19873984
iceStatuses-19873985,name-19873985
iceStatuses-19873986,name-19873986
iceStatuses-19873987,name-19873987
iceStatuses-19873988,name-19873988
iceStatuses-19873989,name-19873989
iceStatuses-19873990,name-19873990
iceStatuses-19873991,name-19873991
iceStatuses-19873992,name-19873992
iceStatuses-19873993,name-19873993
iceStatuses-19873994,name-19873994
iceStatuses-19873995,name-19873995
iceStatuses-19873996,name-19873996
iceStatuses-19873997,name-19873997
iceStatuses-19873998,name-19873998
iceStatuses-19873999,name-19873999
iceStatuses-19874000,name-19874000
iceStatuses-19874001,name-19874001
iceStatuses-19874002,name-19874002
iceStatuses-19874003,name-19874003
iceStatuses-19874004,name-19874004
iceStatuses-19874005,name-19874005
iceStatuses-19874006,name-19874006
iceStatuses-19874007,name-19874007
iceStatuses-19874008,name-19874008
iceStatuses-19874009,name-19874009
iceStatuses-19874010,name-19874010
iceStatuses-19874011,name-19874011
iceStatuses-19874012,name-19874012
iceStatuses-19874013,name-19874013
iceStatuses-19874014,name-19874014
iceStatuses-19874015,name-19874015
iceStatuses-19874016,name-19874016
iceStatuses-19874017,name-19874017
iceStatuses-19874018,name-19874018
iceStatuses-19874019,name-19874019
iceStatuses-19874020,name-19874020
iceStatuses-19874021,name-19874021
iceStatuses-19874022,name-19874022
iceStatuses-19874023,name-19874023
iceStatuses-19874024,name-19874024
iceStatuses-19874025,name-19874025
iceStatuses-19874026,name-19874026
