ID,invoice_ID,lineNumber,description,quantity,unitPrice,totalAmount
29298413-69c0-427a-ae25-529a027ab5cd,31601271-77e4-40ea-be4a-f8722d3f4961,43,description-29298413,78717541.83,5623369423530.2,2534311577459.77
29298414-c7dd-4130-b926-4102a044b0a2,31601271-77e4-40ea-be4a-f8722d3f4961,34,description-29298414,84859473.35,5876515456590.81,1758905866430.67
19794086-5dc1-4085-9bbc-0392b01c9641,31601272-3fd8-4a05-9de4-8ec7bd4f5e62,93,description-19794086,64845542.81,321118373573.01,453815276716.24
19794087-33e9-4bf8-8268-4aa69e9bc28e,31601272-3fd8-4a05-9de4-8ec7bd4f5e62,18,description-19794087,38706613.29,5560741125289.81,8698826255590.55
4029814f-1f7f-4460-b48a-9580f1f6de28,62094496-467c-452a-9fa0-6a07b3a55451,56,description-4029814,72507594.97,9990924789646.17,4724549411730.86
4029815f-a38b-424e-a316-121dc31b6c7f,62094496-467c-452a-9fa0-6a07b3a55451,50,description-4029815,98856829.57,7207822096798.87,2534684190736.94
26720463-1d41-44fb-b34d-79150d1b1a4a,62094544-67e5-4996-ac57-029c1a96fc05,97,description-26720463,75861007.3,3897638727007.71,7254645801498.69
26720464-7998-458e-a2ee-e744d9ed8ac9,62094544-67e5-4996-ac57-029c1a96fc05,46,description-26720464,8525363.63,1991147161725.58,4260444784440.74
24980928-c958-4b7b-a74c-c24e22eeaaf1,6209467c-b6f6-4310-a25c-6340c677613d,82,description-24980928,31589958.18,5846982392637.99,5284127379359.62
24980929-258e-49fb-85fc-0b8e8a8f5b11,6209467c-b6f6-4310-a25c-6340c677613d,92,description-24980929,24204511.45,7093630289330.26,9241460075053.32
30667853-0942-4939-9121-a0f1167a3f76,620947f3-0378-4ad7-ac44-25726dd9acb2,94,description-30667853,37561561.83,6082251170805.6,7064098484206.55
30667854-7fe4-4f1e-b264-278951f741f0,620947f3-0378-4ad7-ac44-25726dd9acb2,40,description-30667854,16325729.54,6008734004851.15,7581623392963.18
11807717-a31a-4801-b9b0-0d9eee2b67ff,620948d9-3c50-4738-b38f-cf324878d4b5,71,description-11807717,76314346.41,6108758010713.81,2189260353834.91
11807718-777b-4da7-a4b8-361996e1309b,620948d9-3c50-4738-b38f-cf324878d4b5,73,description-11807718,60166882.41,4168254154480.59,6934905845282.64
23339944-573b-4299-983a-6ab832b80984,6209491d-cc76-44d5-bf89-ca0cba9b71c9,94,description-23339944,64297851.99,6722994003066.6,4663078921128.08
23339945-5d12-4ae8-90e5-e342625b15eb,6209491d-cc76-44d5-bf89-ca0cba9b71c9,44,description-23339945,1274746.46,4084780283420.64,5181723243251.08
58816301-5101-4867-a169-c6920463720b,6209507d-bd25-4d06-ac11-f3fcedfc8970,43,description-5881630,50863761.46,9305271357506.26,6757775438314.06
5881631f-b574-495a-9b60-f5830eefc11c,6209507d-bd25-4d06-ac11-f3fcedfc8970,79,description-5881631,83402473.04,1040929806078.38,4963494598932.2
13672564-3193-4459-80be-a6eaaa269916,6209517f-a22a-4ee7-8505-47226785ada1,18,description-13672564,40360082.91,3785720678765.48,8298309783376.3
13672565-dba5-4f11-820a-4027cdd26dc3,6209517f-a22a-4ee7-8505-47226785ada1,54,description-13672565,9010302.69,993644740683.7,9601081610741.41
18716475-989a-4790-a003-9555d42410da,620952f4-8ab8-4ebd-bec6-162defa1c015,0,description-18716475,40028535.7,9771656038166.13,7338480012255.04
18716476-7a54-45e9-9d99-59415f7f2d5b,620952f4-8ab8-4ebd-bec6-162defa1c015,25,description-18716476,84946439.52,8362111939322.35,2070045190689.89
20845550-6242-4b28-be1e-922ae891c35c,62095334-d67b-4ff6-9bcb-3ee7648d6a06,64,description-20845550,37309030.43,9530379500328.02,9921642952642.98
20845551-1441-49ef-8806-2bbcd105b0ec,62095334-d67b-4ff6-9bcb-3ee7648d6a06,7,description-20845551,81188112.93,7024815792458.5,6423331734201.39
49056126-edbf-483a-a9b5-67656452f256,62095441-71f8-4ac5-8bd0-62f6603291c5,67,description-4905612,73031239.48,6539571970569.18,4913179533007.93
4905613c-3b66-4759-9eaa-2a0170d9b01c,62095441-71f8-4ac5-8bd0-62f6603291c5,66,description-4905613,58997238.86,9932264319270.91,5191274290829.09
26889307-dc1f-441f-a272-8ff33a5b056a,620955ce-3a44-4743-8c35-80ac3868ba74,5,description-26889307,51013980.76,2928707939545.64,2465534845446.13
26889308-52fa-4c97-a49e-eacfcfd007f6,620955ce-3a44-4743-8c35-80ac3868ba74,19,description-26889308,82648372.02,8662764591617.56,8465344384673.34
15831254-6360-4171-99ce-c54ea9bedd77,62095668-dbb0-41a2-9021-66f7aca6d9e9,33,description-15831254,88238760.36,8546456378503.07,7450341727916.26
15831255-c124-42dd-a7ce-559f0135864b,62095668-dbb0-41a2-9021-66f7aca6d9e9,29,description-15831255,28971868.48,6406691907859.92,9466402681909.45
15692013-312b-465e-9e8c-ac4ac4b0f192,620957c4-b700-4876-b2b8-54000efef564,94,description-15692013,30257145.14,6446384977743.92,5266254215659.84
15692014-2ccb-4b4e-9111-36a18ad51c06,620957c4-b700-4876-b2b8-54000efef564,35,description-15692014,81742289.95,5488962716391.17,7463575163965.28
99422486-ef71-48e4-bb9d-6eb9d4c75f14,6209583a-9d63-4eb7-848d-ec5cbbf82518,52,description-9942248,42647600.5,7213136871304.99,3788114026712.39
99422492-9a06-4227-a3fa-df937e2e9264,6209583a-9d63-4eb7-848d-ec5cbbf82518,74,description-9942249,73181408.77,5444957214302.18,1486452234439.02
23967762-244e-42b7-b278-bdd16c55a99f,62095914-2419-49f0-b68b-cab582f77902,98,description-23967762,61291475.98,7175318511968.92,7808381230713.38
23967763-4252-4023-8da3-63e08afd1ab7,62095914-2419-49f0-b68b-cab582f77902,89,description-23967763,26077532.56,4600368799025.99,2742228841702.43
13058878-d8bf-4b82-9b39-989973c555fc,6209602f-2e70-4928-9900-ee93256eeb38,17,description-13058878,22347751.97,482822150298.33,1218431567494.33
13058879-43d8-4eb1-a4a2-73fd991fa87a,6209602f-2e70-4928-9900-ee93256eeb38,41,description-13058879,81740227.14,8255795678516.24,3505577806750.99
20725846-b1a7-4bfd-b998-8cb64e2438d5,62096174-2945-4844-8333-38c1fec60201,10,description-20725846,33101320.16,6992745244680.15,1426362049438.75
20725847-ee91-4ae1-9692-681701c54db3,62096174-2945-4844-8333-38c1fec60201,70,description-20725847,94818570.66,790262406605.1,7094136338442.65
29948933-882a-4c6d-946b-085180d8971a,620962c8-4b4e-4fbc-8627-3012bd117199,62,description-29948933,31660408.4,8034083225944.8,2470532395136.6
29948934-7a44-4a55-be3a-47f1fce82fc6,620962c8-4b4e-4fbc-8627-3012bd117199,16,description-29948934,43348264.68,5194388632878.74,1946202888180.1
21055907-95d0-45ab-98a5-9a46c004a20d,620963de-d7b1-4637-8da5-e390d1b88f0c,85,description-21055907,46205629.86,2073831117815.97,9327942546557.06
21055908-38d0-4237-95bd-5d6cd69b09d2,620963de-d7b1-4637-8da5-e390d1b88f0c,23,description-21055908,79959929.38,5578438052979.75,9384171274713.39
15398718-cb55-4898-a576-f0d74daf5a7b,62096469-a435-4f44-a7d0-2740438ab5e6,16,description-15398718,32278518.57,3465140769141.53,6081565738612.32
15398719-920a-4a29-babe-5c033141565a,62096469-a435-4f44-a7d0-2740438ab5e6,30,description-15398719,21367552.54,1350053430981.62,6129079281405.97
12846957-9873-4667-8a9f-3c6591bd32a9,620965e7-0b08-4b31-99b5-f085b68229e3,57,description-1284695,39694989.93,3744657373909.36,6650014986354.22
12846969-9508-4872-8aed-0137bc1ae168,620965e7-0b08-4b31-99b5-f085b68229e3,9,description-1284696,84379922.37,9340279381910.36,5906135065011.75
19243655-1af7-4b5a-b061-85e8b9e8178b,62096668-bbf1-451a-87cc-663ed6d1cbb9,33,description-19243655,58970249.97,6014544128426.53,6025407504859.24
19243656-6335-43ba-8c17-68527bdbcca4,62096668-bbf1-451a-87cc-663ed6d1cbb9,34,description-19243656,11630320.24,7570112978611.7,7570684486812.27
30683295-8a01-4ef2-8e09-c6e954759f5f,6209674e-65ea-4f42-8b4a-d8fc496cd77e,81,description-30683295,25611586.21,6029684689861.31,5196791107332.37
30683296-4645-479a-a0b3-04d746026115,6209674e-65ea-4f42-8b4a-d8fc496cd77e,42,description-30683296,85073593.41,7166114271680.54,2226896183017.73
31106506-895e-47b2-95a1-99e0e91c9d36,620968ad-cc17-416c-a38c-bd75f773a0d7,89,description-31106506,84055261.59,5979428474175.39,1403998014575.36
31106507-802c-4c75-af55-cdd1a6fa66bf,620968ad-cc17-416c-a38c-bd75f773a0d7,93,description-31106507,40867623.08,5395120503259.79,8336615938809.61
10668705-1c80-4607-b414-45436e5e85f6,620969f8-c0dd-4d54-9dde-a95feec22fa9,63,description-10668705,45277249.21,1395718069213.31,4892529393333.81
10668706-1445-4f08-acd0-eb5937a916d4,620969f8-c0dd-4d54-9dde-a95feec22fa9,3,description-10668706,56728426.16,3530038420708.31,8116167664896.55
8844952e-e320-404f-b282-0e03f5c3800d,6209708d-07c3-43fa-8963-0926cf06a66a,98,description-8844952,27968714.82,2122522924213.38,7624839924203.89
88449534-83aa-41a4-8f46-8c72be1f6094,6209708d-07c3-43fa-8963-0926cf06a66a,42,description-8844953,88103389.79,2395308886965.86,6440777840285.86
17008450-cf8d-46da-9654-0ec84d528e36,620971c4-0b37-4547-a385-1421c048c59d,40,description-17008450,55866446.94,74807465306.21,4915177923469.94
17008451-be0e-457d-9d72-8a06c0fc5240,620971c4-0b37-4547-a385-1421c048c59d,61,description-17008451,4518282.42,3053912609346.2,6643318962126.99
6468543a-9b9f-4e72-9bb9-2fe1924c7bd1,62097213-3c8f-4fce-90a3-7253827fe8b3,18,description-6468543,40269021.88,2272496935696.48,3979880519538.34
64685446-eef6-44fe-909c-ec4e3f4893cc,62097213-3c8f-4fce-90a3-7253827fe8b3,45,description-6468544,83797940.42,1388186182769.59,1515574290842.88
19325302-d3d7-46fb-95e3-396504a86eb0,620973a0-c62c-4702-aa0a-2f193a96e232,86,description-19325302,37990658.77,7094249318312.01,7674811644618.99
19325303-a17c-4585-8503-9443d46660dd,620973a0-c62c-4702-aa0a-2f193a96e232,50,description-19325303,3730538.8,3844746524153,8924799528392.62
25044931-a358-49b8-9c74-1695defa2940,620974d7-7585-47d6-9bfc-9d1412a11738,91,description-25044931,28882384.2,4405703853261.28,9127718613531.49
25044932-0d3a-4134-b3e7-f9e4bb89bb98,620974d7-7585-47d6-9bfc-9d1412a11738,80,description-25044932,18261285.44,4477073457560.79,5566989006523.69
1021031a-0adb-4bfd-bafe-e082fbf7f9ab,620975a0-dc91-43dd-bbfc-8f0f5a8822a9,35,description-1021031,68284772.44,1078598679513.08,8395279241550.17
10210320-7967-4993-a1a6-361a1b6111ab,620975a0-dc91-43dd-bbfc-8f0f5a8822a9,89,description-1021032,27546777.54,820445026135.91,6092989923202.18
25398368-71e5-4a25-8136-1cbb5bc1df5a,62097648-6710-4345-a35c-9e95f1dbedb4,44,description-25398368,66852643.67,9528465451385.43,6772824734673.38
25398369-daad-4e2c-8675-32360c811dc4,62097648-6710-4345-a35c-9e95f1dbedb4,45,description-25398369,54155903.98,2010267195190.17,9726781000197.08
9685930a-845c-4b95-99af-e838bc758a4b,6209779e-6183-43c2-b7d2-71c84261aca5,62,description-9685930,37703066.82,2020947097348.5,7809131492581.6
9685931f-d0dc-4b06-b7c6-391586dd8600,6209779e-6183-43c2-b7d2-71c84261aca5,2,description-9685931,48373338.67,9245967940404.71,2333257132239.31
18798418-3d88-4b29-a80b-df2df3177f5b,6209788b-0334-4846-bb6f-058884cf6688,59,description-18798418,13857021.16,9559543412782.33,5897954252404.02
18798419-ec36-4794-91fd-89b66930789c,6209788b-0334-4846-bb6f-058884cf6688,10,description-18798419,89282411.71,7109890893545.43,4332811066312.93
30600816-2642-466c-b34e-2740eb7d480d,6209799d-5c58-4bc9-9b1f-cacb4d00a159,28,description-30600816,74357141.87,6186905463102.26,4587611829615.59
30600817-0d9f-47a8-bfca-61f1b2d3c974,6209799d-5c58-4bc9-9b1f-cacb4d00a159,96,description-30600817,2342510.38,2870279723052.22,2877917351102.52
14310867-9f18-4ba2-86fb-cf89b67bbafc,620980f7-a544-4fff-970c-1e1e065ec04c,19,description-14310867,23166714.26,5018037126129.12,2468944068103.65
14310868-197f-4e89-8cb5-8f0cf09cbe45,620980f7-a544-4fff-970c-1e1e065ec04c,51,description-14310868,59049996.3,2828778345831.03,8964339650597.55
96949738-e281-4547-83e9-af3ea5f6007c,6209814e-adc7-4b2b-97fd-9ed0eb00f33e,22,description-9694973,60008952.57,2916162453346.65,8211390498336.25
96949743-ff39-40ad-a6da-c38d06cc4693,6209814e-adc7-4b2b-97fd-9ed0eb00f33e,65,description-9694974,11328822.69,9574512458815.46,1978432992488.48
16376474-3721-4278-9d32-a1f16cfb0588,62098238-faba-4f78-a086-95c76ffe48c7,44,description-16376474,41900882.94,8895696039712.25,1906709027928.37
16376475-2761-4c82-bf69-6f4852e9b964,62098238-faba-4f78-a086-95c76ffe48c7,75,description-16376475,17410559.24,6600944587244.96,4709490988864.92
92954228-b0ec-4610-bb7a-84da446bb833,62098396-f8d3-49dd-82cf-76a0c4725cd5,22,description-929542,57925585.59,2411443293609.12,1292941634536.6
92954365-0674-47d2-9795-4b5609ad756d,62098396-f8d3-49dd-82cf-76a0c4725cd5,54,description-929543,33526298.42,9503484626492.62,9106344647391.2
22390576-15f7-4239-a99e-6ac78dcc0ca7,62098487-66f9-4af6-b60a-406c3dbda23c,94,description-22390576,48238807.91,5378515924119.94,6461051590196.74
22390577-7f4c-45f1-9537-5b0cc1edb1b0,62098487-66f9-4af6-b60a-406c3dbda23c,100,description-22390577,82512522.02,410584898361.24,9684657761628.92
19071064-59b5-442f-a681-1f4b59c33268,62098553-c78e-42de-be1a-874f5a3f8e46,55,description-19071064,55896661.32,5862269292902.68,6892934610272.27
19071065-79aa-491e-a8ca-ada93e06bc6f,62098553-c78e-42de-be1a-874f5a3f8e46,9,description-19071065,82513268.13,2189782767718.83,6571177381165.81
19748581-3699-41e4-a197-cce59492c43a,62098662-09db-4c23-9942-9a86d83767bc,27,description-19748,32108259.68,3245083990934.78,3025323666872.6
197490eb-89b1-41c1-b3b4-1a60f0702279,62098662-09db-4c23-9942-9a86d83767bc,57,description-19749,24784800.84,9270365612930.58,2194003305432.93
10155210-6eaa-431c-8e71-8a508f489b46,620987bf-251b-4714-8f81-3d3c9ce656d6,2,description-10155210,30247279.32,701764235746.12,4681535237194.5
10155211-127e-4cf1-b483-7ee3ff99b4fe,620987bf-251b-4714-8f81-3d3c9ce656d6,29,description-10155211,65099382.09,1830011431422.39,7867662303608.44
28118387-01a6-4233-84d1-b87eaefe7d3e,62098870-7d1e-404b-9827-871107233c4d,11,description-28118387,33218687.54,3606495266237.54,9478818823466.03
28118388-8fc1-409c-9b0d-47dcc41b8e33,62098870-7d1e-404b-9827-871107233c4d,58,description-28118388,47344966.01,1570431839905.97,4550665838525.05
17880308-2768-4244-9d66-fcb4e02cee27,62098982-bcc0-4dbb-93d2-f6f05c34bec2,96,description-17880308,12191827.19,3155257441156.48,1295893272983.67
17880309-f9ef-444e-bbe6-693b94ff6253,62098982-bcc0-4dbb-93d2-f6f05c34bec2,53,description-17880309,83041343.11,1961429994084.18,6720707026139.06
11139970-6e34-4ab8-a791-c5c933a8c438,62099081-9ca8-4542-b3db-68120e5c2f23,10,description-11139970,61239838.04,9379001580207.13,664005356064.48
11139971-023f-45ea-8455-fb02c84335f4,62099081-9ca8-4542-b3db-68120e5c2f23,20,description-11139971,52415399.08,6726075930277.27,5890206476849.75
3136083a-35bb-4c0b-935a-b7bed64ca725,620991fd-f56a-442f-b7e9-c291c7632964,14,description-313608,6609734.99,1607099944573.98,4350572823677.08
31360937-5143-42df-b374-05e95f2049b3,620991fd-f56a-442f-b7e9-c291c7632964,2,description-313609,30519085.01,6666339790830.14,5061280722184.02
15872845-8fd0-48be-b591-fcc1fc508603,62099282-24bd-4206-a307-570733ef6261,78,description-15872845,22058674,9828921096998.1,1862377174516.39
15872846-d447-40fd-a804-99b919767b6f,62099282-24bd-4206-a307-570733ef6261,16,description-15872846,37975615.58,1485761452224.62,5825659409058.01
13869693-b3df-46c1-a073-3597b66bb61a,6209934a-2d85-4349-a855-81922f0ede8f,57,description-13869693,28438103.15,1426190219329,5952439188191.69
13869694-0499-42c4-91e0-759a20dfbb8c,6209934a-2d85-4349-a855-81922f0ede8f,73,description-13869694,81806697.89,9937221271736.34,7581063843634.25
26928886-a0f7-4939-92bd-1ea730f75139,6209944b-e49d-4415-9612-226e5ab25f3a,90,description-26928886,38136575.92,90132445137.4,739200855298.4
26928887-19c3-4d4a-8a20-b8a0a1e23a98,6209944b-e49d-4415-9612-226e5ab25f3a,3,description-26928887,40927256.39,3458629478015.25,7931629680812.84
13646582-b39a-4667-93e4-c792ea298711,620995ed-26c9-45db-89d5-ec04eff589d6,7,description-13646582,84307561.06,345884568183.06,5787167261693.37
13646583-b0a1-456f-9dc7-2c1e07742d96,620995ed-26c9-45db-89d5-ec04eff589d6,21,description-13646583,38364804.49,8599028838882.82,9007978833551.49
39819337-1a93-4694-a240-d8bc4dbd7ee6,62099645-d96b-4ea7-a613-5950ba5b3623,6,description-3981933,44305304.56,2207043511285.11,1920760073178.26
39819340-ee4c-4077-bf95-c744b375972a,62099645-d96b-4ea7-a613-5950ba5b3623,36,description-3981934,3194878.12,5494157272762.91,3670696785568.16
72036583-9d8b-4f43-a383-919b062dfc35,620997b9-66ea-4ead-8dc2-bccf5143e383,1,description-7203658,2352209.07,961346030214.43,9868718649659.48
7203659c-4b31-4c2e-95c1-f40f66ce31d4,620997b9-66ea-4ead-8dc2-bccf5143e383,40,description-7203659,68157086.89,7931361865020.89,1647429981748.11
22434751-1b78-4b3e-a386-3be5683457a1,62099824-facf-45ee-abdf-79875b1c0445,96,description-22434751,74340077.51,6916441976245.79,2801177269129.07
22434752-ae69-43ec-a4b4-7253612461ec,62099824-facf-45ee-abdf-79875b1c0445,94,description-22434752,85882035.18,2706305648880.5,3534980267231.51
9555584f-f85e-41b7-876d-2f20813acf9e,62099963-31a4-4ac3-9649-29bc81c76a12,35,description-9555584,95305374.88,2568822049843.22,4287149889858.06
9555585e-d991-4c19-acb3-f7bb7aec6a66,62099963-31a4-4ac3-9649-29bc81c76a12,32,description-9555585,74719857.56,3521492233090.18,1832440341278.07
27957415-43d4-4d9b-aef0-3f1f1132562a,621000ea-6602-45d6-a584-73fbc9b52871,48,description-27957415,26250208.27,5542630042977.02,2159529339078.03
27957416-3d62-4447-8c5a-bb5b539fecb5,621000ea-6602-45d6-a584-73fbc9b52871,65,description-27957416,47637968.97,3843213585580.19,3211843676645.77
20842888-46e7-4bff-8f59-839fc2354e20,6210012b-fe2b-4cc1-bca9-e6e72e11e22a,18,description-20842888,24540228.39,6149703300384.75,9103835487210.23
20842889-ebc4-4193-a8f2-48e3efbd29c3,6210012b-fe2b-4cc1-bca9-e6e72e11e22a,42,description-20842889,23118850.69,9177795760844.31,9859498359305.75
28061231-ea9a-4bb7-9e02-0e24ba395778,621002d1-f6b8-4ec2-b00a-d1caec4600c2,57,description-28061231,20205219.5,756698573356.6,5426206017628.53
28061232-d53f-4c26-9d59-1b8f2bac959e,621002d1-f6b8-4ec2-b00a-d1caec4600c2,57,description-28061232,67840799.3,9759036281077.06,6310125904263.01
27998456-7388-465e-9fbb-c0a2883dfa34,62100359-974a-419f-b8fb-e9f331a07379,51,description-27998456,93356346.58,3322483699113.84,1752566405413.16
27998457-725e-4e3d-a594-f72babab259a,62100359-974a-419f-b8fb-e9f331a07379,49,description-27998457,75546621.11,1192737301471.34,3380186830311.66
93689756-8054-4ab7-8dd4-088e55f430b8,62100448-c941-4682-9fef-4188ef6f38a9,74,description-9368975,86038410.73,952893940036.36,9944992650329.47
9368976e-060d-42be-b6e1-af41eb07a71e,62100448-c941-4682-9fef-4188ef6f38a9,11,description-9368976,2184586.63,1657372525032.97,3232653372848.36
21288454-4d76-458a-9750-dd998a84d30d,621005db-eeb2-4ca5-b5a2-282946147966,69,description-21288454,94125572.11,8505236978896.12,6337270970291.13
21288455-54ea-4797-aad9-2b09c2cd0e8e,621005db-eeb2-4ca5-b5a2-282946147966,67,description-21288455,8395046.06,3924741622275.83,6497686965320.7
20257775-473c-477b-a831-1b81eaef2f77,6210065e-3e1c-4bbd-bbb1-be0d2a5df7f8,68,description-20257775,20369379.42,8273278290631.55,5023660943066.64
20257776-af06-4646-9b6a-cdce6624ebd9,6210065e-3e1c-4bbd-bbb1-be0d2a5df7f8,67,description-20257776,85151398.13,478774701522.62,7879314021475.04
12306026-34d9-454e-9b0e-78ffb55238c3,621007f4-b405-4883-9427-41d50fdd0f47,82,description-12306026,70875460.79,9172728346164.3,1315822103847.36
12306027-a719-4391-adfe-58c6a56095f9,621007f4-b405-4883-9427-41d50fdd0f47,99,description-12306027,86394419.64,6983064537752.16,2447461213286.79
16720191-3399-4c5e-88b4-176d431295f7,62100871-e807-4adb-8f71-490c021c4e2d,72,description-16720191,71816019.95,3690372277169.57,5798588928627.55
16720192-3b14-49d2-b705-3d4a1833d8ba,62100871-e807-4adb-8f71-490c021c4e2d,13,description-16720192,63698529.25,2206830769246.73,9109754184755.52
20529782-2f0e-49dd-ad3f-c9801ae6dad3,621009db-93a5-4c82-a5ec-7daed1222353,56,description-20529782,71012921.22,6570029014741.59,9038798105664.57
20529783-136a-484e-acb6-34bf51d47e7c,621009db-93a5-4c82-a5ec-7daed1222353,92,description-20529783,63183926.6,571684752047.01,297559710333.65
25439002-a3a8-4230-8291-397dbf11966c,621010af-88cd-4cc6-b571-88ab3544e95c,30,description-25439002,97432914.91,4009418618805.1,9972729051108.32
25439003-246c-48c7-bb5b-8ad75c23c9c0,621010af-88cd-4cc6-b571-88ab3544e95c,72,description-25439003,16129383.8,6009845865245.32,8934889354627.57
13310879-678c-48a5-b561-2dda35e03285,62101128-f2a1-47ef-9f62-40a9459c5c08,53,description-13310879,65483268.41,4097200830877.46,4788118999085.95
13310880-f71c-4a92-b2db-6f7e76309689,62101128-f2a1-47ef-9f62-40a9459c5c08,80,description-13310880,57588234.56,7512668221991.68,160712763880.18
13246060-975e-4251-92a7-78e74c62fa15,6210128b-cd74-4a55-89f7-87fa467b0024,2,description-13246060,89846052.78,2515345121088,4424816963169.68
13246061-bd72-4f19-9be2-19e8fffcaa1d,6210128b-cd74-4a55-89f7-87fa467b0024,48,description-13246061,95412287.48,5822528387529.23,494381029553.5
94855706-835a-4a5f-8c6f-dc93e202ee01,621013df-8fe0-4e42-9867-f278cece0e65,25,description-9485570,43129653.8,6957729352598.2,8302364785124.27
94855714-cf0b-469f-aeb0-401bcbd95c5c,621013df-8fe0-4e42-9867-f278cece0e65,31,description-9485571,16652140.86,6811117987112.44,2726906694236.85
7765125d-c7a4-42fb-8095-b9739b040809,62101453-d95b-4f75-88e5-26e4fd303536,94,description-7765125,22783246.69,9660140500381.27,1564314562142.65
77651263-ad3a-451e-85c6-4aea2593181b,62101453-d95b-4f75-88e5-26e4fd303536,77,description-7765126,73621189.12,7021089030277.34,3381207425628.38
25624380-7870-443d-abc6-e12bedfbd3b6,621015d6-77c6-438b-b17f-0e8a3cfe8db2,50,description-2562438,14203527.95,3223621277376.85,2623665751791.18
25624398-2a3f-4072-8f31-a28917537093,621015d6-77c6-438b-b17f-0e8a3cfe8db2,54,description-2562439,80764384.86,8532139720411.13,8139157337592.32
54228176-9747-46ff-aaa6-dfd8b8864584,621016ee-a1f8-44bd-9f52-2aaf52910b1c,56,description-5422817,77988679.23,8425677120776.46,3834723101129.89
5422818e-e6f4-4cc9-9fff-79f710ac6709,621016ee-a1f8-44bd-9f52-2aaf52910b1c,25,description-5422818,56358167.53,6880221070449.48,1000307405953.1
54361383-28e2-48b1-9e41-9560635f8cf2,621017be-8c5c-48ef-bf8c-9ae2947bda99,87,description-5436138,43252473.15,1974123707356.24,2769237954237.49
5436139d-4f22-4bc9-a1ef-d5faecabbdcb,621017be-8c5c-48ef-bf8c-9ae2947bda99,19,description-5436139,33487387.85,8889758459737.43,4300456652676.03
30987211-b844-4aa9-a0b8-8466af981c7d,62101830-cc80-4ed7-9def-9ba1339be201,51,description-30987211,5195723.89,2640858203905.28,2777914115912.43
30987212-05f2-4b80-8a5b-8826209f1f11,62101830-cc80-4ed7-9def-9ba1339be201,43,description-30987212,59455518.94,3586714033031.9,3022403499140.91
25346049-fafe-4a46-909a-5fb5aaf7d042,621019e3-3d02-4e8f-983d-ef3044d19da1,93,description-25346049,21669359.36,5727084314957.74,2123509216450.08
25346050-7841-4280-bcaf-a28ebee38b19,621019e3-3d02-4e8f-983d-ef3044d19da1,2,description-25346050,40488690.57,5454156104569.28,707243287390.2
2475835f-f6b9-47a8-b392-4b11302dbce5,62102047-df16-4f7a-81c9-6cef1b592eb4,7,description-247583,51468420.37,914732235189.34,7730565794378.73
2475848e-4c17-4117-84a2-5eea1683b377,62102047-df16-4f7a-81c9-6cef1b592eb4,56,description-247584,63786609.79,7306268790377.65,8408275073694.44
21041468-aacc-4170-b723-4d1b4f82de8d,62102156-0845-4b0c-844a-769c47770100,57,description-21041468,95935399.42,1957515037022.02,5506205836357.8
21041469-0175-4a3d-b4cb-3df831c64861,62102156-0845-4b0c-844a-769c47770100,84,description-21041469,40079127.81,9327274737965.42,1374156222899.79
30651387-83f4-414f-87ae-75b0d050943e,621022fe-7b3f-4cad-83ca-ed2615488a65,51,description-30651387,12231984.67,810247255344.81,5273745819587.31
30651388-dedc-4a9d-a4fc-ba4ae47cbe5d,621022fe-7b3f-4cad-83ca-ed2615488a65,0,description-30651388,39348002.5,3066006490772.44,6446712587896.09
60681854-c9db-46db-8c94-ecd6e2365407,621023ee-2a22-4b99-b139-617cd87f4b5a,1,description-6068185,2220998.36,942436850546.55,4814048980770.05
60681868-f0b2-419c-8323-28db120a0dbd,621023ee-2a22-4b99-b139-617cd87f4b5a,80,description-6068186,3293747.58,2502318762349.89,2235175813672.99
28628510-697e-4daf-892d-c1d59bc87024,6210240d-3851-4ae5-99a0-1c6c2ba35dcd,13,description-28628510,78153060.74,1279034725165.04,7621698202631.27
28628511-7a1c-406a-b637-1e181efd3232,6210240d-3851-4ae5-99a0-1c6c2ba35dcd,98,description-28628511,66662186.84,2146384650447.09,2916687699595.15
24527189-6698-4712-86ec-e739d2f180d7,621025f1-5486-46c9-8e64-bab47afd964c,11,description-24527189,82883090.35,9290081072340.21,1812858317703.93
24527190-a631-46f7-85a4-ef58d922218a,621025f1-5486-46c9-8e64-bab47afd964c,37,description-24527190,13361512.31,1456646634087.23,7010604875972.16
95755977-77df-45a9-86d5-e9c75525e4f7,621026ef-8638-4454-ab30-1275f42a6fbd,62,description-9575597,35917934.02,3184549754131.13,2627293381217.96
95755989-4b25-4f68-aa25-549ce52983da,621026ef-8638-4454-ab30-1275f42a6fbd,28,description-9575598,82413093.42,9508239222255.53,2130460782893.68
15437718-2175-44a1-8dae-395521f8576b,621027a2-dba4-464b-a1c0-244f201478f6,51,description-15437718,67746031.04,7844215361410.67,5330276981323.42
15437719-264e-4ac3-8009-6186eec859ba,621027a2-dba4-464b-a1c0-244f201478f6,75,description-15437719,92999625.09,1919693530615.73,8639104277965.65
30438425-21b6-445a-a8c0-c435664f1df1,621028f3-0c67-4bea-9992-fa74726e09e4,53,description-30438425,33382083.66,8041876004623.08,498055235638.16
30438426-846a-4b3e-8997-dc3bc75936f8,621028f3-0c67-4bea-9992-fa74726e09e4,55,description-30438426,47572301.4,8098345169049.52,3883749126530.56
44548594-c802-4403-a3f1-ce5082eee12c,6210297f-6b9c-423b-ab9d-4aef766fdd7f,53,description-4454859,12118434.79,2494542977857.65,2768366844820.68
44548602-fa86-43bc-b4e5-dd8b699735e4,6210297f-6b9c-423b-ab9d-4aef766fdd7f,19,description-4454860,37939527.39,1852725105939.17,6587151601865.17
29034255-29da-4ed6-9f55-3c96123ff705,62103037-da3f-4271-9278-8ba24fe4e3c2,90,description-29034255,19039909.07,7322587615417.12,3850478600353.08
29034256-8032-4193-be46-3d367f00099f,62103037-da3f-4271-9278-8ba24fe4e3c2,96,description-29034256,79872897.61,9102318913409.68,5564976768946.91
11338299-9790-4f8f-b471-0d580fb6dfbf,6210319e-947d-4fa9-add3-d4c0d99bc371,75,description-1133829,26361146.3,2361765194974.64,2180407956149.47
11338308-fb87-46a8-85b2-b14b383b96bc,6210319e-947d-4fa9-add3-d4c0d99bc371,92,description-1133830,60228492.21,4668974959758.68,3130060097737.45
12916819-63ea-4708-907d-478c032295fa,6210322a-a013-4d59-b40d-476c163a9fc5,67,description-12916819,57447356.88,6584678947714.07,5865517385493.93
12916820-8b2d-49d7-b5b2-5f889709f6f9,6210322a-a013-4d59-b40d-476c163a9fc5,24,description-12916820,41214172.91,6953236278484.51,2577538494035.1
22864227-879a-4214-91a2-b5f195f97133,6210333d-45e7-4368-8165-61d01feabb47,17,description-22864227,5124354.5,7778970902553.9,7293441326563.23
22864228-b569-47c9-a57a-6d120536e0e2,6210333d-45e7-4368-8165-61d01feabb47,54,description-22864228,8770170.66,2297271312692.61,7611096347848.03
24575942-6f40-4014-b5d1-f8a8f7b3f8c3,6210343a-05c0-4b13-9891-bafdc8b88d69,65,description-24575942,97599523.03,4053794531220.05,3145410568848.32
24575943-5bc6-4a29-86b7-83fa154f290e,6210343a-05c0-4b13-9891-bafdc8b88d69,84,description-24575943,15552151.85,7437551399546.88,8448126126572.36
19514821-e71c-4526-bdd0-fbde7b8b58b7,62103518-d396-4c5a-ac81-09c82b71949c,95,description-19514821,29735892.07,1205087669232.37,2502762499444.61
19514822-f917-4701-860e-7d4c1f2176d6,62103518-d396-4c5a-ac81-09c82b71949c,20,description-19514822,98073680.01,4865799426049.47,9662137317307.26
19435789-2455-4911-9e0c-79245c5d411f,621036b6-b5be-41ef-a790-f84850a2a6d9,23,description-19435789,75064861.05,6987334484490.2,3807730038659.04
19435790-bbf8-4e76-a0fd-70ca628540eb,621036b6-b5be-41ef-a790-f84850a2a6d9,8,description-19435790,74283710.5,1014893138666.94,2920141925375.66
16567097-d717-448a-bc86-dc5d6b60aa07,6210372b-99bc-4b20-814e-13b59ad96e76,31,description-16567097,7329529.74,3237580742842.81,8163179249770.68
16567098-7083-42a3-9b77-a2372c61e373,6210372b-99bc-4b20-814e-13b59ad96e76,54,description-16567098,68409890.14,8939189198545.92,9692662023519.19
22273993-a03f-4393-aa0f-5c1548377bda,621038b5-5432-413d-a4d9-eb51de98ef00,86,description-22273993,94441176.27,3914694281506.65,8880434316021.91
22273994-f266-4b2b-baf2-cfc98cd41ee6,621038b5-5432-413d-a4d9-eb51de98ef00,91,description-22273994,87906571.16,9771787900466,7593240493042.67
31294855-9a7c-4537-ab7c-a12d2d2bb09c,6210398c-98f5-4e80-a325-5f6950f69746,56,description-31294855,59397826.75,6288124412048.39,2116431137730.03
31294856-f1c5-4826-b4cb-6c9813167682,6210398c-98f5-4e80-a325-5f6950f69746,69,description-31294856,11503456.55,9341882814886.92,6147467620724.84
10472440-7bcb-42f0-9c20-0c446bbc9fe2,62104063-7e77-4762-987c-f47076d8af5f,23,description-10472440,75363345.68,4831041593838.72,840205173961.97
10472441-912d-46ea-8ba7-b73e276acef6,62104063-7e77-4762-987c-f47076d8af5f,40,description-10472441,10244592.96,120722295730.93,6360749383205.44
27135042-31ba-4e18-85e5-0a479e3b8af5,6210417d-6a2d-47b2-a00f-389b540f1175,100,description-27135042,19480174.51,9422131252271,6631343725299.24
27135043-1259-40fb-b066-e533992333ec,6210417d-6a2d-47b2-a00f-389b540f1175,90,description-27135043,32457105.09,1599173100644.02,3093612288080
21618874-2b55-4abc-88dd-588af4ec1a31,62104286-8818-4678-bb75-aae06a703049,84,description-21618874,86649958.94,7449448903705.19,3908744113245.88
21618875-b935-41d6-95e5-aead729ff2d0,62104286-8818-4678-bb75-aae06a703049,39,description-21618875,14813410.03,4052244598460.82,5374724332263.43
31237610-103f-4c76-af74-369a852cf00c,62104328-58c5-498e-ad22-5b4498162a66,76,description-31237610,51968962.52,7158272083976.6,1596205726839.1
31237611-cc78-4c03-bb1e-e3b6063fbd3c,62104328-58c5-498e-ad22-5b4498162a66,64,description-31237611,68037849.35,5020275638153.37,3952364728477.34
96858570-b0d1-486e-9a6a-74eb9e375cb1,19543312-c448-4869-afed-d3613d625cb0,11,description-9685857,6277617.71,2361194001480.42,4479516529238.79
96858588-561a-4bb0-9292-ae82a6499eb1,19543312-c448-4869-afed-d3613d625cb0,69,description-9685858,32528264.94,3465773645239.34,346082204279.52
52943746-2915-4d89-a9c7-bc87659ca776,19543313-2622-426c-9bf3-462fd74ce724,60,description-5294374,38117368.15,2919771200342.72,7034019718.72
52943759-e83a-48c0-9dd6-026ecf5f6803,19543313-2622-426c-9bf3-462fd74ce724,47,description-5294375,66064824.07,2336629534159.56,9946527477145.57
19898224-ba6e-4856-b18c-3d8a11b01f33,22099680-79d8-4beb-a1fe-66e5e0726065,42,description-19898224,40696661.1,295871935838.39,6833440795338.02
19898225-0e33-474c-a83e-d205444c0f31,22099680-79d8-4beb-a1fe-66e5e0726065,40,description-19898225,63447997.45,7813435427692.02,5412497688475.22
27695736-cd32-4b6c-a661-98973679e489,22099681-7a9f-4279-b4df-4d2410a676bb,25,description-27695736,52818916.52,5221395227755.79,7731992676638.45
27695737-ca11-4690-9ed9-1bc7c5673464,22099681-7a9f-4279-b4df-4d2410a676bb,72,description-27695737,11833011.03,4202497440486.74,7516991983653.92
27903436-2e6b-4075-baa5-c427ddc776ec,20798352-b832-47e1-909f-4a1c8f3fe9c0,43,description-27903436,60856399.99,3205293047124.5,8685911932600.54
27903437-9afe-4799-adad-b075dc25dc26,20798352-b832-47e1-909f-4a1c8f3fe9c0,1,description-27903437,59753375.39,3976417796664.03,4077560586478.41
10986865-5639-47dd-87b6-6fd182e4bf37,20798353-08c3-4c9a-860d-9b1906d3bc19,85,description-10986865,8415193.25,7991060554315.87,3907822965389.97
10986866-9e1b-4800-9ce8-7877821dbf76,20798353-08c3-4c9a-860d-9b1906d3bc19,14,description-10986866,61838899.56,175494873860.38,4647865347632.11
90471979-f591-4169-94b6-a30b44291d12,16357509-4331-446a-bc09-d2dc025dd6b9,84,description-9047197,93841357.31,2345424340433.03,9172076272930.26
90471985-887a-4113-942e-437f49ceeae6,16357509-4331-446a-bc09-d2dc025dd6b9,43,description-9047198,35635862.35,9435536518429.12,2990267177566.53
93938816-b38c-4c25-b30f-1de6a38f85ba,16357510-ddce-44ed-a91f-4ce2e3aa2ac6,25,description-9393881,74760580.33,4933230155542.37,7450358092688.74
9393882d-2358-4489-9056-3b3195aceafd,16357510-ddce-44ed-a91f-4ce2e3aa2ac6,45,description-9393882,92635370.72,8754992671729.34,8011630443662.66
82130121-cfdb-4726-a67f-c917cf5072af,12142413-e31a-43b7-949d-fbd71a8e9967,96,description-8213012,92786216,4055564129577.94,9179740965795.11
82130132-1c1e-44ee-b825-ae34bcfa8d4e,12142413-e31a-43b7-949d-fbd71a8e9967,18,description-8213013,86990836.7,1254574740621.07,3330447678487.75
59904980-e7f3-4490-ba17-1d17b5d8db80,12142414-1485-4784-8084-93a9cfc1ae33,57,description-599049,87088575.54,5462741315876.58,885349601259.88
59905086-f59c-4529-b865-6a612453e675,12142414-1485-4784-8084-93a9cfc1ae33,71,description-599050,57426006.87,9592396637265.17,8382717705286.8
28136076-e85d-440a-875c-87bfcbaf3ba1,15698741-7f6d-42dc-b442-4d61e5e772a4,15,description-28136076,10623088.31,9030923503123.52,9008505968043.25
28136077-f268-4e5f-b0b7-ebf8247c834a,15698741-7f6d-42dc-b442-4d61e5e772a4,27,description-28136077,48460603.75,7413858041642.08,482072203137.39
54768726-d949-44db-bffa-b9bcf8f11f4c,15698754-bc60-4f3f-b012-2e7879ba3a85,56,description-5476872,2105161.99,930764362007.85,9269862710889.86
5476873e-ac40-489e-84cb-c6aac7dd6743,15698754-bc60-4f3f-b012-2e7879ba3a85,80,description-5476873,95530516.87,4745677906285.12,5919344583317.02
13696325-88be-4e73-974c-afeec1d313cd,7061761e-b7c3-4d35-8a35-917077ab27d5,97,description-13696325,51304146.11,2899623648002.95,5920892627833.23
13696326-b2a9-433b-9cc7-c5bc747e260e,7061761e-b7c3-4d35-8a35-917077ab27d5,12,description-13696326,24179300.42,7562559692080.78,9626947706873.5
13629010-6df2-4045-a442-1dd95dbf8acb,70617629-cf5c-4904-b99a-3947574d8332,58,description-13629010,34482576.22,6433107482691.34,1682532733006.84
13629011-3ba2-463a-944f-2225d9028d8e,70617629-cf5c-4904-b99a-3947574d8332,25,description-13629011,35353588.07,8897278702016.34,1838542198390.73
22272675-d244-45e5-8af2-a82fbfae099a,6192597a-d631-42f9-b7ff-8d1256802fd3,12,description-22272675,78097879.7,5943034479442.26,3184956355781.07
22272676-5184-4630-800c-1a958caf5046,6192597a-d631-42f9-b7ff-8d1256802fd3,95,description-22272676,48665257.69,9113837510147.63,1689737638711.32
6300811e-1618-4be4-93eb-919b78b2a409,61926142-86c8-42c1-b461-52902bd3629e,28,description-6300811,82317259.74,8742365676375.69,7470137752358.55
63008120-cf34-41f5-a3b5-0f7f84d434fa,61926142-86c8-42c1-b461-52902bd3629e,77,description-6300812,62027468.05,9252360272224.52,8979952587478.97
25691346-3e48-4be6-a2fc-dbee7a73086e,15841730-fead-4988-906e-a748133715b5,20,description-25691346,68968313.76,1306211576616.19,7639975450323.49
25691347-36f5-4f99-9145-5275e4cf8023,15841730-fead-4988-906e-a748133715b5,77,description-25691347,65033120.69,5618120737527.64,4163887592645.75
15146789-ec1a-4934-8a5f-f0ee44808d70,15841731-9ac6-4c3e-870d-d12b4e0fd39b,61,description-15146789,58569604.51,2054852702572.94,1717531945609.64
15146790-a0dc-4629-a091-aa7a989e4159,15841731-9ac6-4c3e-870d-d12b4e0fd39b,3,description-15146790,35541431.89,8901738417171.32,1032741755207.11
13069814-ba37-4dbb-9e77-80768135ed50,27951906-8408-4d01-b597-ae75910ec612,72,description-13069814,1217469.87,1126298843652.71,8604077056425.33
13069815-3d7b-4b6d-a38a-b04fc4bef659,27951906-8408-4d01-b597-ae75910ec612,10,description-13069815,34046367.63,8501214077279.77,9229002706859.84
22038647-ff0b-4ae1-9cbe-70aca4087063,27951907-c495-4fc5-adb0-3cc8c9797ee5,98,description-22038647,41638561.47,5436756575145.61,9259261800228.5
22038648-cce0-4cc5-a51f-d5f9b08f0f6e,27951907-c495-4fc5-adb0-3cc8c9797ee5,21,description-22038648,9726830.58,5450493227942.36,8271508692274.42
18006593-fd52-4d29-8488-64d2934bf74c,65565897-8bd9-4826-a7f3-dcdd0722988e,52,description-18006593,62880460.24,2073450007445.73,8295242332695.57
18006594-8aec-4215-b3e5-11529941aded,65565897-8bd9-4826-a7f3-dcdd0722988e,42,description-18006594,24501346.3,99838958052.33,9465573113837.98
14336558-1070-416e-9197-48286b846ee3,6556590f-2055-463f-85c3-abd83f900886,86,description-1433655,57653070.57,5336045563554.79,9936542763101.55
1433656b-c3c9-40eb-b57f-351bea476b89,6556590f-2055-463f-85c3-abd83f900886,55,description-1433656,93501728.53,8069406586921.58,1631215639485.87
30764542-2319-4df5-8892-8ce974c53717,11691306-37e3-47d5-8129-b7bface137d8,85,description-30764542,50337592.88,9263663923972.37,5338035142215.94
30764543-e548-427b-b48c-a0bd7ddb6884,11691306-37e3-47d5-8129-b7bface137d8,100,description-30764543,1904129.89,4583592389776.13,1833357712647.65
13892242-c78e-40d2-9998-ab4f07494728,11691307-7ffd-4951-8f12-2c141f7d749d,36,description-13892242,10376020.54,8939655594555.57,5560912325984.83
13892243-f4fe-4dda-9911-47131a893a0e,11691307-7ffd-4951-8f12-2c141f7d749d,64,description-13892243,97873866,6874819122060.95,2105885615528.47
12316119-6b94-47d7-bcc2-6a2b5ded95cf,2543135a-36b9-4d18-a33b-d7e691f0220e,64,description-12316119,78895926.86,9909430111911.53,3533813018377.7
12316120-cd85-4c5f-93ff-73c2318dfa7b,2543135a-36b9-4d18-a33b-d7e691f0220e,26,description-12316120,42846035.65,6929518373422.14,6733664464010.74
22029498-407d-402a-88d7-89879c271796,2543136a-55d2-4bd6-bd99-d59b656a45ab,64,description-22029498,32937723.42,9604273370751.48,981607821253.75
22029499-1e24-4ac3-b560-5a32dcdc3b18,2543136a-55d2-4bd6-bd99-d59b656a45ab,47,description-22029499,63201357.08,1607805832732.09,1451812102705.26
13199426-49e8-45be-92ad-1d22d6fc1615,14705223-bdb6-4694-ba2c-58b44b2bc2b8,49,description-13199426,43711559.67,3191205181137.58,4317823452556.15
13199427-d743-4cc4-997d-3431885dbccb,14705223-bdb6-4694-ba2c-58b44b2bc2b8,92,description-13199427,52358874.57,543289354476.83,7185053663235.3
21972902-97d0-480b-b9da-3efbfa07ff40,14705224-3b8d-4aa8-8017-7c37da149e66,23,description-2197290,81210358.88,3664090138172.25,7079979551587.81
21972917-d865-4bc0-9b2e-212769486752,14705224-3b8d-4aa8-8017-7c37da149e66,30,description-2197291,10518001.88,6203508153999.12,8471399979833.02
71681961-369d-4bca-aa45-dc56bbaaf3b2,27431873-93e4-45d2-9e1a-fdd8a700e743,82,description-7168196,44690701.85,2709544929671.03,6749435383885.6
71681973-9fcf-4a0b-a0bc-a72325645091,27431873-93e4-45d2-9e1a-fdd8a700e743,75,description-7168197,34578587.4,1932948681458.67,7933448688193.85
27861937-1886-46f5-b6b9-69e4c3bd1bd1,27431874-3482-451c-9202-204ab8703a00,68,description-27861937,26938791.33,2324205839630.98,7644344215109.18
27861938-cfb0-4f52-bab8-b1a63d5e93cb,27431874-3482-451c-9202-204ab8703a00,25,description-27861938,4867698.58,7889275447189.35,9421112859903.33
26165926-7de5-4460-a6f6-c48784f46c2c,25503006-7ab8-4fc2-b123-84a8f567812f,85,description-26165926,87979237.19,2349391853591.78,9804757566598.76
26165927-0508-4fec-84f4-f760d062aa4a,25503006-7ab8-4fc2-b123-84a8f567812f,32,description-26165927,53396196.14,948496222192.36,1951003431189.9
1006376c-4fa3-4555-a13c-719dc6ba71f0,25503007-354d-4cdc-8d44-f51c23ed05d2,31,description-1006376,74701811.72,3279313744533.69,9561759265891.64
10063770-3861-47c9-b3b5-3028c4faf99c,25503007-354d-4cdc-8d44-f51c23ed05d2,10,description-1006377,6972598.69,6587860637095.5,755641157301.46
25734094-5675-419f-bb79-a193026e829d,14919693-05f9-4b0f-a3bb-e8091c2d3b31,37,description-25734094,48148936.46,2004111837860.45,2144857691310.98
25734095-e32f-4e2c-a481-deec3634cf86,14919693-05f9-4b0f-a3bb-e8091c2d3b31,83,description-25734095,9629941.21,1383879730001.3,9473510028395.34
22572684-9729-4d0b-9d2d-90cc0fb4cc54,14919694-82e1-453d-b07a-44021088590d,48,description-22572684,8862134.17,2285385767406.29,393140680520.19
22572685-80a6-42e6-bb01-3af98b12e54b,14919694-82e1-453d-b07a-44021088590d,57,description-22572685,20455852.97,7345666350239.29,3203520301695.42
39159062-3c80-4c12-8031-6ea0f8de6c84,12233213-34f1-4045-ad34-7731a1d06925,0,description-3915906,40148979.24,9196527760381.96,3724086540440.92
39159071-915d-46ca-919b-09827315068b,12233213-34f1-4045-ad34-7731a1d06925,29,description-3915907,96334646.96,4719861533885.47,9016693389500.61
1750500d-df71-4bc5-92a3-9c7c9f206bb6,12233214-6fdf-40e9-ad82-4060bcfce1a4,14,description-1750500,26692174.96,6532837866773.84,1331872798387.13
17505012-0ec1-4043-b9ee-5d21f3b590a2,12233214-6fdf-40e9-ad82-4060bcfce1a4,31,description-1750501,12255725.02,7831214179244.33,9228446934015.26
3481425f-3565-4d36-be57-3b55bc4bc62d,24474427-8ed1-4cf7-aae6-db6591e77ed4,13,description-3481425,72453550.79,9923911047140.67,9309155787974.04
34814267-1671-4d61-b064-1fc309a807e5,24474427-8ed1-4cf7-aae6-db6591e77ed4,39,description-3481426,20262127.21,6151608222819.73,7123636672850.63
81082127-3f74-4384-9315-6c4f77e870c4,24474428-7eb1-44ef-8c11-ac5e7ef718c7,82,description-810821,70068614.38,1185447424833.52,8684345635068.36
810822fe-e9a0-491d-9524-605a1f8cfe02,24474428-7eb1-44ef-8c11-ac5e7ef718c7,0,description-810822,11601528.76,1175345954433.84,1090126402759.12
645048f9-2640-4cdc-b2ae-039736b3f332,22769988-1dfa-431d-bc7f-b75975f42dd5,95,description-64504,93756219.54,8947276543125.56,6800430846689.98
64505a9f-15ba-4596-8a2f-54f90f460385,22769988-1dfa-431d-bc7f-b75975f42dd5,49,description-64505,14834706.32,5441854201711.78,7334200939010.6
14745255-3833-4b77-a0ed-c12ab1140fc0,22769989-0607-438d-815b-c04ac5df7e88,94,description-14745255,90486795.44,1698493736005.4,8122381557757.56
14745256-c541-47ed-8e09-958b7812684a,22769989-0607-438d-815b-c04ac5df7e88,61,description-14745256,31290558.17,904035968258.71,3980169420710.07
9225693c-b1d1-4d4b-a93a-761a070822f0,31730112-8980-490d-b95c-da25195322f2,91,description-9225693,80121065.05,933761003578.25,9569339302530.8
9225694f-c934-4485-a9de-6dda04a0b50f,31730112-8980-490d-b95c-da25195322f2,98,description-9225694,89346936.08,866239638424.7,5852836260508.82
1700391c-7704-4a1e-a5c7-e8a3cba519a0,31730113-a32b-45a2-8cd2-8bb93c120263,21,description-1700391,88305437.78,6227835961536.14,3195898094297.03
17003926-7727-4229-a09b-c36ad1752992,31730113-a32b-45a2-8cd2-8bb93c120263,63,description-1700392,29672623.58,306163174655.11,4399705849512.05
28181893-8546-4296-9d7f-1420f5cb2901,30547607-a62c-4f93-a1b2-1d85f3e0875e,68,description-28181893,76101994.96,2328895920425.5,6476997172544.24
28181894-5f18-4480-b721-23e55de0213a,30547607-a62c-4f93-a1b2-1d85f3e0875e,60,description-28181894,3504342.73,306990539776.31,7361379049289.62
13437841-471f-4f06-b7c3-76e8b6d027ae,30547608-52ac-4c5d-aec5-1423953e99db,31,description-13437841,63908539,6055855422523.45,6804292932948.7
13437842-b50c-4d38-8a44-de04738e0734,30547608-52ac-4c5d-aec5-1423953e99db,61,description-13437842,496123.11,1189717371570.14,6108992782254.26
21638369-d5d2-4e78-abe5-0b31ddd3c88b,26290536-8a96-4dcc-9df2-0e93cd2f7646,75,description-2163836,13943686.92,3071104746753.56,3677128455783.91
21638370-facf-4092-9ec4-006bb0b18f38,26290536-8a96-4dcc-9df2-0e93cd2f7646,62,description-2163837,22282670.4,5468648683963.89,2917390440681.9
29848991-acd0-45de-b007-92b86439f308,26290537-d01d-4f9c-b315-9734addf9452,42,description-29848991,5869873.06,6937960392971.65,3260782842870.64
29848992-df52-4350-bbda-e3e1e5be40b5,26290537-d01d-4f9c-b315-9734addf9452,85,description-29848992,93141376.72,8195001493600.69,1032581883970.19
92405574-3e35-4f37-a056-f48c5322235e,29138456-76d8-405a-84a8-9844a5ba5ac1,6,description-9240557,10529144.16,5630160804028.31,2192673982391
9240558e-2f0d-4bc0-bc23-ff197a43e53c,29138456-76d8-405a-84a8-9844a5ba5ac1,94,description-9240558,50668444.53,9827582962157.16,3711795337626.34
81284814-7dac-407a-9ec4-943ce363ae3e,29138457-c941-457c-a600-e8f6937fe912,48,description-8128481,78515244.02,882186479601.32,9348892602153.75
81284825-181a-4123-8618-71a19e89f6dd,29138457-c941-457c-a600-e8f6937fe912,84,description-8128482,7258679.49,8598532230985.05,6592603903401.1
15829666-795a-4cf0-bd5b-3bc5ee7cd3b1,26061463-a6e9-4eeb-b29f-4aea40e9d816,5,description-15829666,91313147.08,4967126948965.13,8667946874410.04
15829667-49d3-4a93-a235-391f73d809f0,26061463-a6e9-4eeb-b29f-4aea40e9d816,76,description-15829667,62753350.74,3304825480403.01,4733697634144.04
10022484-77f8-45f4-9d6e-d883597fcea8,26061464-9511-4bd2-a2e1-d322bff8d828,15,description-10022484,73612084.66,9251385309444.06,2372113395787.58
10022485-12de-4fde-b05a-27913ae69e98,26061464-9511-4bd2-a2e1-d322bff8d828,0,description-10022485,88902333.43,2895405627945.87,1886981609646.62
6671209b-f5a6-4053-a743-ae47aa075c4a,91910335-90fe-44b0-bc36-21260bfc84e6,1,description-667120,2807792.89,351501461562.75,6222170603254.64
66712158-927d-493f-bdc9-3658327a7392,91910335-90fe-44b0-bc36-21260bfc84e6,1,description-667121,73181952.98,710383435426.71,3975928112324.64
91662782-7da7-422e-b8af-eb15045cb50e,91910345-9c36-45e9-9d41-09ef133e8042,0,description-9166278,18339232.66,3379936323412.55,4495848257271.44
91662792-d1fe-47bf-b4e8-0af308683e78,91910345-9c36-45e9-9d41-09ef133e8042,97,description-9166279,92727180.54,5233186675600.01,9379874577867.84
27769318-cf18-459b-892c-9f615c001111,18874838-a968-4879-be8d-20592e24d440,46,description-27769318,86499012.77,4718016405810.04,3204198810331.92
27769319-dad8-4650-a915-c335df87dce3,18874838-a968-4879-be8d-20592e24d440,53,description-27769319,30109368.83,6347399190799.2,1581211504233.3
97135720-5fa9-430a-986d-2a58d4fefc4e,18874839-3edf-490d-a9f5-1bb3001a22ed,50,description-9713572,82536965.41,6151311139261.33,6883601969462.96
97135737-f873-41d9-8f04-80b5965ece89,18874839-3edf-490d-a9f5-1bb3001a22ed,77,description-9713573,86981231.07,2560948076717.54,8610081354318.22
50154788-449c-4b3a-acc1-8b2d86cd99cf,18063186-74a4-49c7-97d3-4f4892949cea,45,description-5015478,12378008.71,7485304119781.81,470702777592.3
5015479c-7cc2-4b16-9534-f47d19411cbe,18063186-74a4-49c7-97d3-4f4892949cea,36,description-5015479,14392732.31,3878282348465.13,6591258845002.32
19858786-ffd5-423b-90a1-61dbf66ebd7c,18063187-923d-4229-b2bb-ef0bb576337b,32,description-19858786,80669641.14,9581788173632.91,6676045989038.73
19858787-4cf5-467d-b392-3369a7b71aec,18063187-923d-4229-b2bb-ef0bb576337b,44,description-19858787,71102377.49,3736528173277.71,4391148017728.08
12708094-5c95-42eb-b311-8fae55374050,27456899-e9d5-4286-8c0c-2668526da799,81,description-1270809,64123232.27,8697717542268.75,8654967407038.15
12708106-f25e-4377-8140-8d7eae78a4d0,27456899-e9d5-4286-8c0c-2668526da799,81,description-1270810,46851301.04,8882561736418.69,7404663557276.29
10986759-14bb-4bda-989c-e1fa4861cf77,27456900-30d6-4aef-b0a5-1690d915346d,54,description-10986759,10662247.85,7515588704429.9,2201647542332.96
10986760-7721-4d6a-b78f-af4f51009543,27456900-30d6-4aef-b0a5-1690d915346d,93,description-10986760,94320130.01,2563228444794.51,3627526516281.06
17325058-3fc5-46c5-b283-f26d268fce09,13762913-24c4-4ba3-9dee-e7134892d3d5,36,description-17325058,32081461.93,5905603839326.93,5534972273669.89
17325059-2336-4e49-b63c-404d3f10359d,13762913-24c4-4ba3-9dee-e7134892d3d5,27,description-17325059,22908456.59,2463302942272.6,7807401862034.75
30374427-477c-46a3-bd90-c4d2c5ed9135,13762914-8f51-4716-85d6-eeb2da0818ce,63,description-30374427,85984035.69,3154275869526.53,6506716228428.63
30374428-10d4-40db-a187-1ebfe557e7cf,13762914-8f51-4716-85d6-eeb2da0818ce,37,description-30374428,93473612.15,6744529099271.51,1768921107069.63
26842337-e89b-4665-b8ca-25c8a7595581,26589751-fcd6-4e99-a1a8-b596ab991bc3,4,description-26842337,41596771.65,525833492470.72,9803804318613.32
26842338-d279-49b1-abbc-6bb9f9e06fb6,26589751-fcd6-4e99-a1a8-b596ab991bc3,40,description-26842338,16712753.94,3404347843053.56,7159105428534.84
9414870d-a58b-438e-b1f8-b7d1d45cada2,26589752-ae7f-4fe5-8e40-c72492da48d2,15,description-9414870,97009416.82,2736867490536.24,6913962398536.81
94148710-c28e-4a22-a7a2-4b9547b2e9c4,26589752-ae7f-4fe5-8e40-c72492da48d2,34,description-9414871,79371329.54,8365894719377.42,8721528285942.76
29970922-6d07-4ce7-9c12-494528e0e87f,28220534-e675-4c45-9a18-79a6c38e7693,73,description-29970922,12230596.79,2501668262651.57,8105114834754.78
29970923-3f18-4b14-92e3-e3fade9f5e94,28220534-e675-4c45-9a18-79a6c38e7693,73,description-29970923,15181652.55,678716342226.03,8736061462559.9
26811385-8c2a-4d7a-9d7a-c26912e72493,28220535-42af-471e-bac0-e68937edcd0b,95,description-26811385,43180072.48,691777318752.85,1993021872273.95
26811386-1e50-40a3-a4c5-b5fa771c97a7,28220535-42af-471e-bac0-e68937edcd0b,4,description-26811386,85315729.95,9570973262102.45,2052756123477.45
30119494-af84-4909-b972-91c7782aff50,28412991-ca90-48ca-8397-1ec2cea1424b,51,description-30119494,47229610.7,8456900162174.57,8904451507592.04
30119495-d00e-4218-9e46-124379c7f3ab,28412991-ca90-48ca-8397-1ec2cea1424b,89,description-30119495,16078876.7,2363688370424.36,8525514820000.06
23558353-1142-4cf5-94c7-700a81680ee0,28412992-74db-4b4c-8f2c-83afbcaaa35e,79,description-23558353,3639503.87,3181089234207.48,3735884911843.35
23558354-42e9-453e-b20a-c26b2d37bddc,28412992-74db-4b4c-8f2c-83afbcaaa35e,77,description-23558354,85940756.6,9561914416520.43,2912399499842.44
70064791-39d4-4a3e-ae77-95f4da5cf003,21590911-27c9-4bdd-b3da-e47cbb5f0239,17,description-700647,30013804.83,8301047735663.74,2267245102621.56
700648cf-0a3d-493b-9a55-9e1815bb97a1,21590911-27c9-4bdd-b3da-e47cbb5f0239,28,description-700648,83109814.61,646567432365.59,3148106665082.97
23473346-d68f-4eb0-aa01-34df4ba0af74,21590929-31fe-4987-bedd-66e2ef0e98d0,12,description-23473346,57566079.7,9439304821955.86,7277814227860.21
23473347-e549-4bdb-ada6-e570ade50e89,21590929-31fe-4987-bedd-66e2ef0e98d0,54,description-23473347,15492485.09,1357131824409.62,6943094525568.2
30864216-9934-40e6-83c4-78eb5f1d1c07,21487445-cd96-42a4-abea-9ac1b7d5c9cf,68,description-30864216,52030732.58,8323859284106.38,1600895807634.74
30864217-f848-43bb-be0e-f3d45c6a379c,21487445-cd96-42a4-abea-9ac1b7d5c9cf,95,description-30864217,15608077.33,955517024209.02,9626570687696.93
21496491-479e-4e3f-8472-046af2018b3c,21487446-7d67-44bd-9c4c-c89170194c9a,85,description-21496491,69624515.43,810379117644.72,3326834525590.53
21496492-526b-468a-b8b7-69bc288cb1e5,21487446-7d67-44bd-9c4c-c89170194c9a,57,description-21496492,77054210.74,1197340837798.55,9341214691587.5
44401097-b036-4e78-9d7d-08f56d266b79,24664225-c847-497f-87ce-b2b9ebbe0c3d,55,description-4440109,85120308.99,5055971927114.22,9780676804181.94
44401104-78f2-45f0-808d-26809f8b2b35,24664225-c847-497f-87ce-b2b9ebbe0c3d,50,description-4440110,91767776.61,7040542338624.91,4191026364529.35
15350903-e4d3-4b7c-825a-68dce22e968d,24664226-4f69-438a-95b0-1b22fd9d814b,78,description-1535090,92419110.99,6211431850857.46,6220000067976.27
1535091e-e7a3-4053-b9dc-a5b5fc1940e9,24664226-4f69-438a-95b0-1b22fd9d814b,43,description-1535091,35366608.77,7819033123935.49,6817156902793.73
17561478-a959-4ef8-a775-db871f31dab5,5826537b-a202-4f0b-bfdb-cf4cb592da08,88,description-17561478,21477485.16,2260131461992.88,9549498589671.09
17561479-67a3-43e7-9313-a669defd4d7b,5826537b-a202-4f0b-bfdb-cf4cb592da08,48,description-17561479,39206205.33,5917091280056.13,7135570368332.54
81314538-b95a-422f-a726-a066aa4c76e9,58265387-831a-41f5-8c55-71858583d017,28,description-8131453,79294345.74,9979219256855.22,5657074560294.75
8131454a-3b55-477c-a258-c4c144098400,58265387-831a-41f5-8c55-71858583d017,54,description-8131454,73005785.01,7825185963607.5,4666364778578.95
12775148-6fd6-41c7-8f83-f37e199043ab,20879948-10a9-403b-947f-17e5cb34afa3,35,description-12775148,12457868.06,7757751772336.55,2409406508874.07
12775149-c187-4792-aba8-dd1475256c39,20879948-10a9-403b-947f-17e5cb34afa3,43,description-12775149,55118038.63,4552766508813.59,5769239653655.14
13257169-c863-4421-b358-f3d3b1199118,20879949-3e86-497a-81bb-1046b18cfd93,77,description-13257169,74847524.56,3381965240468.95,1877773278164.95
13257170-90c9-4d9f-a32c-38d1d908c440,20879949-3e86-497a-81bb-1046b18cfd93,84,description-13257170,89903341.35,6154303689639.74,510724401751.21
31380843-3881-4731-99b9-7ffc450ca423,14970671-9314-4126-aafe-7accf92cd137,10,description-3138084,35532153.64,8052062131249.33,8379861108401.4
31380855-92f7-4eb5-a704-e7adf5ca6c33,14970671-9314-4126-aafe-7accf92cd137,67,description-3138085,5280043.66,1921775003767.47,6721484982237.97
71865263-44ca-4638-be14-abfc1e1d7e89,14970672-e8b2-4929-b8bd-bbd8597d4dee,45,description-7186526,87367742.5,66700923589.69,4291630375686.67
71865274-6f64-41de-ba37-d068b9669192,14970672-e8b2-4929-b8bd-bbd8597d4dee,45,description-7186527,4546366.35,91209687743.47,8474160905742.36
15408463-3b1d-4cc4-acae-ceb0c1764556,26764351-b7b6-468e-aa2b-aff9de5737d1,18,description-15408463,24788759.47,3922608851856.68,8701830135426.48
15408464-adbc-4400-b284-33135f2a668c,26764351-b7b6-468e-aa2b-aff9de5737d1,64,description-15408464,81365471.25,4158511764949.43,4992743482320.48
13346085-d059-43d4-84a9-02f048fcf80b,26764352-d05b-4ffe-8f08-3adfbcf376be,32,description-13346085,87965765.99,8579002448799.43,1511069572563.54
13346086-38a4-4c96-bbe9-fc0bf3c14729,26764352-d05b-4ffe-8f08-3adfbcf376be,30,description-13346086,69697706.6,9222651601676.56,769365221812.86
41337405-ea69-4715-b73d-d7bcf6abd120,28735637-b260-465a-a43e-75bd8a9a811a,48,description-4133740,39092721.74,3303946818014.84,2357278100296.23
41337412-7254-4a68-9131-59c585b05851,28735637-b260-465a-a43e-75bd8a9a811a,89,description-4133741,30677940.44,4751989043659.74,8364536128570.89
11266264-ca3d-4f98-8e73-0c759427468d,28735638-c585-4a86-ae05-9b46c9f9a515,7,description-11266264,58575121.06,375016695214.37,6620457060536.29
11266265-2585-4a2e-a64d-9ca63e383e4d,28735638-c585-4a86-ae05-9b46c9f9a515,70,description-11266265,10609369.79,3998186720289.96,237117368020.7
23513658-80cf-4398-b888-40e781ccfc97,7403114d-3f51-416e-b1c9-e1131b08e60f,6,description-23513658,80449484.65,5152046672834.67,5268915379398.38
23513659-975f-4a40-93cc-6ab437623116,7403114d-3f51-416e-b1c9-e1131b08e60f,40,description-23513659,46907596.63,4578500742645.78,6518093836359.23
22963901-a9cd-4944-937b-a4e097ec98de,7403115d-8305-4663-82f9-0d82c7fc5c2e,39,description-22963901,27681059.7,4510374825038.26,8877484251109.63
22963902-de01-4b63-b76b-9a6a595514ae,7403115d-8305-4663-82f9-0d82c7fc5c2e,75,description-22963902,9733011.77,693616467391.48,6404132079825.6
17161363-d144-493a-bd5a-fb0812d2dd8b,28224135-ee61-4ed1-a6ad-c0b0839c1c00,15,description-17161363,794645.5,1613087248279.39,7350204112769.26
17161364-4a0c-47d2-9c85-c3bf9fccac8c,28224135-ee61-4ed1-a6ad-c0b0839c1c00,87,description-17161364,90847079.08,7777733788710.56,6748500074207.01
17384255-23e7-4e96-8257-c10bf4f5ecec,28224136-471a-4f9c-9182-f8bdff8b3347,84,description-17384255,86341331.85,7662590306792.72,3951619816631.47
17384256-e5fd-4f33-8ae7-5969313f74b8,28224136-471a-4f9c-9182-f8bdff8b3347,41,description-17384256,60357405.81,9284393055143.71,9949299417804.81
76468418-f551-4aca-b2cb-7d2932802b6d,25259304-3962-4383-9372-ba8e313bd137,16,description-7646841,15753321.24,5700689196090.72,9354677549156.65
7646842b-f294-4e80-92a9-e1f1774aaff2,25259304-3962-4383-9372-ba8e313bd137,19,description-7646842,24827376.87,2118759656002.65,6190778249404.24
26637000-f125-4bbc-aff2-cafb28c2e886,25259305-ef31-43b7-b5cb-66b4cfda3943,10,description-26637000,42217178.79,6613343419907.61,3708054413623.36
26637001-4a88-4e56-83b4-f7c695a4fe72,25259305-ef31-43b7-b5cb-66b4cfda3943,66,description-26637001,72722398.7,3006101982994.86,1389684503555.14
26258357-952e-4557-aa58-36b259697945,26818738-fe9f-4b89-9241-365bb4f2eefd,25,description-26258357,95251572.26,9176082495068.46,7044543525447.69
26258358-5f6a-4e20-9a53-6393eb0110a8,26818738-fe9f-4b89-9241-365bb4f2eefd,76,description-26258358,16014421.67,4384001647554.47,6530065926114.04
5037900f-4442-42c8-b3a1-43b2f3165c1b,26818739-ad7b-483c-a697-57b537943967,48,description-5037900,74323027.94,5034339901103.45,377907595180.01
5037901b-62bd-49b9-a2c7-96316c520044,26818739-ad7b-483c-a697-57b537943967,88,description-5037901,52499032.09,1330327900942.26,6363824701566.89
19799312-bc8a-4896-93bf-04f0f2875e70,12132784-16b5-4eaa-9959-521cf4f82202,69,description-19799312,25076275.17,5385060888911.95,1137734672408.75
19799313-85ee-4ec9-847a-4aa33b11f604,12132784-16b5-4eaa-9959-521cf4f82202,94,description-19799313,67604831.17,3970623408447.94,3863867501740.99
35260716-1b02-4e20-a259-317e270754b9,12132785-ebbb-4098-9528-a1eb9826d9b9,96,description-3526071,61598337.14,2223005143699.87,7410121208832.09
35260728-e05c-473a-895b-d1f44c8c4878,12132785-ebbb-4098-9528-a1eb9826d9b9,87,description-3526072,27718550.46,7680048057042.94,2923926908381.32
49831044-1270-46e6-ab17-e915509aa988,12763627-2cbe-4722-9f9b-732036fe4705,57,description-4983104,24728747.98,7974631267062.98,9310655052881.52
49831058-ab0c-41e0-aaa0-0a73519b6b62,12763627-2cbe-4722-9f9b-732036fe4705,3,description-4983105,99757757.46,6535789819928.21,9557081458675.39
21998619-6fbf-4877-900f-b1aeca1d0362,12763628-1425-40a4-a2e9-d98124a242ff,81,description-21998619,68320878.21,8081164990515.96,494432956234.81
21998620-78d5-422f-834b-06ebf578b062,12763628-1425-40a4-a2e9-d98124a242ff,0,description-21998620,52255578.97,8412626214879.02,9184921989759.85
18054921-066a-4e25-99b3-7379899a7f07,10075397-a0e7-414f-abc5-b4afa6adcaaf,8,description-18054921,20873396.38,8019112291668.14,3671982364314.65
18054922-05d9-4741-9ad7-ae200302ba38,10075397-a0e7-414f-abc5-b4afa6adcaaf,33,description-18054922,71689919.56,257613301186.73,5191818104800.29
23791748-6a70-48e8-8ac7-3d8a6bb46afd,10075398-9aaf-4446-998f-05c326154565,37,description-23791748,11858603.63,1272447904320.79,6772426000702.2
23791749-c6c1-465f-8b82-69084578b5c1,10075398-9aaf-4446-998f-05c326154565,34,description-23791749,98453557.11,5346574091569.49,9187399364518.54
2475358f-499d-48a1-bd21-fcae684fbf7a,19704960-f6d8-4947-b5fc-a3e65fe100f8,57,description-2475358,87284719.44,1635689516462.1,6890401847054.44
24753590-c57c-4a07-8055-4a5795025eb0,19704960-f6d8-4947-b5fc-a3e65fe100f8,30,description-2475359,77248472.7,627161015386.15,4758129295044.94
20764b6c-7b98-4b59-aa0c-6dd23c3fe915,19704961-7218-4f30-b8ec-9046ce22ed00,57,description-20764,22158915.19,4182306773265.35,7256174334170.6
20765fb8-583e-45b1-b040-7d131b79f578,19704961-7218-4f30-b8ec-9046ce22ed00,20,description-20765,4490323.1,780942668789.13,4828127405542.33
21753510-7b1f-409d-aa5f-fb214badf9a6,26597711-83f0-4ce2-a682-093978f97d26,58,description-21753510,18817980.07,2317946314231.74,1507419598929.69
21753511-d3f1-4d5e-bd22-5eb097921007,26597711-83f0-4ce2-a682-093978f97d26,35,description-21753511,44016976.46,1854787067247.33,1890550388833.34
30993943-cfe0-4395-b1c3-520ae4eaaef1,26597712-dc4d-4c16-ba1e-50d5c7aef568,89,description-30993943,42380206.77,3405690383795.72,1018581191866.97
30993944-8f8d-4a09-9ad6-e62937a9b18e,26597712-dc4d-4c16-ba1e-50d5c7aef568,59,description-30993944,33388220.68,1969911981442.94,6401658796260.53
94750948-c036-49a5-9b65-a7473f786f7e,27145827-1fdd-43b0-a7fc-3599f265fff7,16,description-9475094,60539690.82,6135080432226.5,1786803082569.61
94750951-5323-499f-aa93-d7a95223acb5,27145827-1fdd-43b0-a7fc-3599f265fff7,16,description-9475095,74797369.65,397224320619.77,9772011971963.52
30768617-df28-433f-af49-7e24b0f4d7b8,27145828-750a-4712-afd0-91f8f910323a,5,description-30768617,95438335.18,115836781789.69,3909623405048.33
30768618-891d-4feb-9b7e-ad666d158b50,27145828-750a-4712-afd0-91f8f910323a,87,description-30768618,30773227.62,2941622891949.3,9807837290859.64
17478654-69cd-4689-ac1a-e5b8c3397de2,16849452-0971-44fb-ac91-434e6f5cab1c,71,description-17478654,2556432.43,4277917325925.72,4563053027023.55
17478655-ee5f-4b32-9744-ea56bc43bdcc,16849452-0971-44fb-ac91-434e6f5cab1c,52,description-17478655,9721725.12,3646622946708.6,4991402200407.24
7736195a-a1be-4811-9922-1538b360f1e9,16849453-bbdb-464f-8a5b-27b955e39cfb,79,description-7736195,85554173.95,1163341135133.69,5041358185463.26
77361968-fd74-495e-b963-dfee2f032e4b,16849453-bbdb-464f-8a5b-27b955e39cfb,22,description-7736196,78038843.02,2694035216738.57,9207468240068.61
15230208-1b86-4aca-9184-edf2603b078d,28677062-d609-4561-9496-d7e3436276cc,99,description-15230208,32925150.2,7648269872215.19,104300246743.71
15230209-57c1-4834-bc76-e520c07dd051,28677062-d609-4561-9496-d7e3436276cc,55,description-15230209,55823347.02,3514238862482.22,8284416406414.54
12377895-1a1d-4f12-b34d-cc4eb79c3491,28677063-d5b1-43cc-867b-106ce1c730a7,97,description-1237789,43002306.5,9053438282716.65,8378931148745.18
12377907-a718-4e31-af65-8dc19481ea42,28677063-d5b1-43cc-867b-106ce1c730a7,53,description-1237790,9526613.54,3623782130499.45,7134085265247.69
29860713-df44-4659-9cb1-06da4d310dc9,17802429-0fba-4b5f-8c83-166491a8d4f0,32,description-29860713,66330352.85,9302364407476.38,2921853617615.12
29860714-5905-414d-8d35-8965a2e9eaff,17802429-0fba-4b5f-8c83-166491a8d4f0,42,description-29860714,71605181.92,1077364712742.73,265364853227.88
30303473-5caf-4dab-b876-587b918f9647,17802430-6395-411f-b21c-cae9cd2ab7b8,51,description-30303473,68880226.96,2529577122954.66,6010354117307.58
30303474-352d-45b1-960e-97269d11acaf,17802430-6395-411f-b21c-cae9cd2ab7b8,79,description-30303474,7986386.12,152848546676.62,5232183074469.61
13227568-e205-4a0b-a0fd-9b0e51fd0aaa,19776686-e546-491a-a5da-0f52e1ee7f3e,52,description-13227568,72852089.94,5727911680079.26,3994931389433.88
13227569-b4e0-44c4-b94e-43f4f7d50efc,19776686-e546-491a-a5da-0f52e1ee7f3e,37,description-13227569,59443288.53,9887365363556.24,1189173557599.07
14973517-7e13-43ad-8fb5-b23c34d904fe,19776687-93c7-4fc5-928b-1171bceb257b,77,description-14973517,40745985.6,6015926951684.72,8327795641255.27
14973518-ddc2-4f92-b781-7cd7efd2027e,19776687-93c7-4fc5-928b-1171bceb257b,68,description-14973518,54790255.65,2935015615139.3,8247914467125
42178005-8a90-4e3b-97ce-517b029aff6c,26285660-1740-4509-93c4-e2c050400793,89,description-4217800,1113676.04,8597987158185.61,1508740110170.28
4217801c-531d-4286-a209-e420bcc64d1b,26285660-1740-4509-93c4-e2c050400793,96,description-4217801,87196453.7,5655926193869.63,8067786159758.54
8171457c-3500-48ca-8f0a-22da7b0e1af8,26285661-5ead-42ad-949e-1884f29c035d,91,description-8171457,23968490.15,8876885992799.53,2843330404878.86
81714581-1b05-4248-9d77-f9b3a876419b,26285661-5ead-42ad-949e-1884f29c035d,67,description-8171458,73780059.21,3897378778893.85,4340504082821.85
16691673-228f-4d7b-b03e-0a87df7b2dcf,14850675-c767-41e8-a345-c4de56a9cc93,18,description-16691673,66898798.66,4508195477960.9,2328388612485.75
16691674-8d97-45a2-a2cf-48fdc8429a07,14850675-c767-41e8-a345-c4de56a9cc93,91,description-16691674,99658586.39,9080944003148.96,3775735964721.25
40073227-20bb-4612-8bdc-eb49c4c0c708,14850676-7b56-4302-9c27-00fafe4cf999,56,description-4007322,64367442.74,9017645693364.8,8998129443586.78
40073237-d877-49ec-8386-be47156ef473,14850676-7b56-4302-9c27-00fafe4cf999,0,description-4007323,80187566.86,7529888997749.55,2508140215383.24
26245916-f7a1-4ea5-8ab6-adf5864e5f0c,16579310-a430-4856-94c9-7e0b9043e33d,40,description-26245916,18687616.75,567935016244.16,4582770059969.96
26245917-960c-4e71-9aa3-c11468d52c09,16579310-a430-4856-94c9-7e0b9043e33d,23,description-26245917,15110535.13,8875462257610.37,5618579265858.83
15789723-4e99-4b54-a8b3-5350a3f59321,16579311-20f8-483b-a5a2-c590d522cf14,39,description-15789723,40507837.4,790893394460.12,5272911845615.44
15789724-5509-46a0-b314-baafcc501be0,16579311-20f8-483b-a5a2-c590d522cf14,26,description-15789724,1571389.23,3453320682944.48,7124692830077.37
1936157f-a1da-4d8a-97ae-fde6ad8119a1,1611573d-3cc6-452d-9b8c-f72e8a43f7d3,39,description-1936157,61135481.39,2776746552351.65,7136818182218.54
1936158f-5add-4f55-92b0-8cf4a3f1d23e,1611573d-3cc6-452d-9b8c-f72e8a43f7d3,87,description-1936158,69612792.84,514878221547.9,5238862733926.4
29135133-dedf-4594-938f-bd22f68ce5c0,1611574f-7138-4cbc-b931-27f923612070,41,description-29135133,74968397.86,230845883749.14,8296905560032.52
29135134-558f-4949-acaa-0e47b66c4abc,1611574f-7138-4cbc-b931-27f923612070,3,description-29135134,42423903.82,3228997734486.51,8203223218137.05
30813317-2d4e-42bf-bcee-4b3381efe5d4,15035471-013e-4f58-add0-4d6ef5fab491,89,description-30813317,56730541.61,1172422010215.53,1460490467331.22
30813318-9c3c-463a-9fe2-c1521c190b54,15035471-013e-4f58-add0-4d6ef5fab491,33,description-30813318,39769068.97,3894889445263.16,3949042364996.83
29703810-8567-4c6f-a80a-92dd52d7321f,15035472-c184-417e-a3b9-2d820dabe736,66,description-29703810,99922144.26,5138979402164.27,6634118183616.08
29703811-54ec-4f15-9bed-487ad708e669,15035472-c184-417e-a3b9-2d820dabe736,96,description-29703811,12574363.24,4131828689031.12,2696096233.3
13764732-cc11-419b-b144-2e5f218c1de1,21505914-0dfa-40dd-981e-bf6b82d0c9f8,61,description-13764732,90616219.06,606244948163.68,1551377580236.67
13764733-ae86-4532-9162-91e4d1683548,21505914-0dfa-40dd-981e-bf6b82d0c9f8,61,description-13764733,62469720.46,2420997802966.41,7892273032881.28
23495477-90b0-46ac-a108-cdb9bb917899,21505915-d6a1-4996-ae5a-09f1e9a716f0,90,description-23495477,12888482.47,2788472855815.21,3888054320469.39
23495478-0051-4f8d-8e73-5a470ff79d56,21505915-d6a1-4996-ae5a-09f1e9a716f0,100,description-23495478,2166141.64,8430045885562.58,2093359955880.06
11124830-65a6-4be6-a54e-c19f186bdfcb,31028563-559a-4f18-b957-5972b0de3c80,67,description-11124830,43630884.44,5264152286542.58,8395887885196.58
11124831-4436-493e-888b-e1de9830b04d,31028563-559a-4f18-b957-5972b0de3c80,51,description-11124831,93304573.99,2448537197064.74,5094025057991.92
44613117-1404-4a7f-9674-d62928fb276e,31028564-ff30-45ec-9b75-62ddcad40eec,95,description-4461311,32381374.36,9461764213087.22,9158619394797.21
44613124-6c57-4023-90bd-9cecce0000eb,31028564-ff30-45ec-9b75-62ddcad40eec,7,description-4461312,55267036.45,3099186066579.06,6669619668844.88
57637841-254a-4ea3-9341-e3f820b62eaa,18100129-2208-44fb-befd-9c5a55f51b79,10,description-5763784,77454259.81,2317684163167.59,227967886777.56
57637850-fc18-4a58-861b-4575e23dcede,18100129-2208-44fb-befd-9c5a55f51b79,86,description-5763785,15811778.46,6968782812155.29,1410637076808.12
25506478-0a66-4155-a00c-83f7664f4f37,18100130-2e8b-4f61-beb7-1e9211178ba7,95,description-25506478,76020774.12,5127804780351.97,5555811552345.84
25506479-6f20-49ce-9cfa-17e346f5c9f9,18100130-2e8b-4f61-beb7-1e9211178ba7,16,description-25506479,93372352.6,7374206198396.39,8319069126434.18
20899375-ff43-4ad0-9f2f-d8b7fb4e76c5,20473793-8684-4d0b-9372-333fa8192795,84,description-20899375,18742513.06,9170086694269.34,7627222886813.75
20899376-5af4-4b04-ac5a-151dc3d2e7c9,20473793-8684-4d0b-9372-333fa8192795,67,description-20899376,48680901.77,4162946932945.86,5735171344830.29
31485786-e316-4840-a67b-72cc5624840b,20473794-fb8d-4b80-98ab-ab5717cdd405,80,description-31485786,1759883.49,5474396180814.17,8049500100265.05
31485787-77ae-4f54-b491-add8270b2153,20473794-fb8d-4b80-98ab-ab5717cdd405,62,description-31485787,73185395.24,908938791093.14,7900669734599.43
17565368-f49a-429a-a60c-8a876665544c,13344822-34e5-438a-b9a1-470d1271a93b,14,description-17565368,41081856.36,826974255569.81,4442451578841.42
17565369-a3a2-4f04-9101-87a4fd41fd2c,13344822-34e5-438a-b9a1-470d1271a93b,0,description-17565369,25676906.64,1154846559489.44,8219925985911.27
13386115-f35a-4625-a263-0bfddc107006,13344823-5259-4b08-8a93-45a3e067b83b,83,description-13386115,56026141.71,5731623021609.48,1565604861495.92
13386116-5a51-49e9-bc3d-9d2b581d58a1,13344823-5259-4b08-8a93-45a3e067b83b,14,description-13386116,47228745.94,4355908054149.17,440734473639.05
19825137-30c7-495e-89de-0e6672b1b3cb,14114565-504e-4920-bb07-d829cf00b4d6,72,description-19825137,83411593.32,9463251833830.08,3377864606182.89
19825138-d646-4d26-b937-869b137dbacd,14114565-504e-4920-bb07-d829cf00b4d6,55,description-19825138,37712013.87,9900767167936,4134235884093.83
25738316-c5c5-43a1-9bb1-ec88c6415d41,14114566-8dbd-445b-9094-4b2571c54658,47,description-25738316,26433657.75,6823817994527.22,9288649784180.61
25738317-f190-4ed6-9f03-8591a6b78acc,14114566-8dbd-445b-9094-4b2571c54658,76,description-25738317,86795592.6,766161188223.54,7896799465954.7
10996233-cce2-4c18-838e-1d2ffc3d5622,14381906-de34-4a8b-9a5b-8e7513870bb4,85,description-10996233,72974207.38,7403143206989.64,3291757580319.36
10996234-10ac-459b-ac93-af9344120245,14381906-de34-4a8b-9a5b-8e7513870bb4,87,description-10996234,13726213.19,2409544350609.14,5077240466355.5
10115054-a472-4ba7-80e7-5d8c7eecfb87,14381907-be52-493f-af49-7eac25635c5b,72,description-10115054,66392548.87,6893533497996.84,8620285419252.96
10115055-88b0-4ed2-9752-d5fc88ce4bbb,14381907-be52-493f-af49-7eac25635c5b,18,description-10115055,58049019.15,8019823215141.34,9429488476242.32
21645181-b54a-42ab-87ea-f8d70a3dd22e,22536951-9c77-4fde-8409-41a006ffa00e,65,description-2164518,16841679.18,1369358826963.58,8838163794502.02
2164519b-36ff-480a-b31a-fc79dbad834b,22536951-9c77-4fde-8409-41a006ffa00e,95,description-2164519,41745870.89,745268094623.31,7460082858618.49
25629262-2cc1-4c14-ae2c-bdc7c0f7ff43,22536952-cf86-472f-ba7b-cca845682195,57,description-25629262,42253096.38,7589080064396.64,677195991939.99
25629263-6b37-4b5f-93bc-87b3be4de02c,22536952-cf86-472f-ba7b-cca845682195,42,description-25629263,17274178.26,7243153325453.63,8941644858509.34
30533674-b27a-4a2f-a3d4-96a614ba2115,42842871-981c-4fa0-8cdb-a02e51c9ed75,70,description-30533674,70819606.75,4917967802436.02,7605137682493.62
30533675-a18f-4268-b3a1-817f50bbbb9f,42842871-981c-4fa0-8cdb-a02e51c9ed75,23,description-30533675,61714410.58,2951593129464.6,9821260495326.63
98127112-27f6-40e4-94ef-e8758d2d90fb,42842882-02b0-4e5b-87f3-3f71140298f1,2,description-98127,84101598,7415983888504.64,7330589674357.75
98128880-d3c8-4655-90b4-e80709c3aed9,42842882-02b0-4e5b-87f3-3f71140298f1,26,description-98128,95817403.63,5106473929092.03,2703297677851
19514822-f3fe-45b6-9c97-e156ce5c9789,20500405-b351-4614-97e0-e3efc261e4ae,17,description-19514822,98342298.87,2669314025251.85,8730813405971.14
19514823-9ec4-4d5f-bc34-f567bf9c96fd,20500405-b351-4614-97e0-e3efc261e4ae,10,description-19514823,84703661.65,7552787405369.6,4993668406661.48
8833942f-362c-495c-b186-fce1cc063d80,20500406-72e9-4a0f-a51f-7dcbad9195c2,37,description-8833942,34665371.12,9477479115088.33,8732657589924.74
88339432-7214-452b-abc9-0b3f9f03f86e,20500406-72e9-4a0f-a51f-7dcbad9195c2,3,description-8833943,57061116.64,2449228608693.77,7667936866722.76
24491477-f522-40ae-8b0c-f5545666e49b,25815922-b315-4bbc-9cb9-d95dda060bb4,91,description-24491477,6046424.1,3618529982717.76,364275425159.09
24491478-2232-4b16-aec2-07b96b62657f,25815922-b315-4bbc-9cb9-d95dda060bb4,48,description-24491478,92353981.2,161487572906.5,1503827216705.36
5531716f-5f24-4378-8b05-0ba7802b189e,25815923-8a00-455f-9823-24bfa44ee32c,16,description-5531716,88570865.02,8295905105972.66,5781531800591.3
5531717b-bb02-47e7-b4a9-008a3b112e71,25815923-8a00-455f-9823-24bfa44ee32c,48,description-5531717,96902457.99,5212318758573.91,5361786091529.49
16552832-705b-4eae-b99b-559c298fb571,39091115-5b9e-45a9-8e62-88b19f37c3d5,79,description-16552832,46938881.91,4215487922609.5,3237495457202.33
16552833-eba3-4d6a-91f7-2279b4887895,39091115-5b9e-45a9-8e62-88b19f37c3d5,93,description-16552833,96259664.44,9876391210203.05,7386532963120.73
30425169-2d72-42b1-808e-5b4c201b9281,39091129-4b20-476a-9304-833b9ee1d969,71,description-30425169,62600172.43,9761676359437.98,2046415403631.44
30425170-55fd-4f83-8f1e-a10c479e99b7,39091129-4b20-476a-9304-833b9ee1d969,64,description-30425170,52256274.94,8764119494056.51,1169846132116.39
2197037c-408f-4b2c-aa40-8d5be1e6c076,22052874-e312-40fa-a6d1-9e107ba0e5f8,24,description-2197037,95962215.02,7539278600555.91,4030034140691.14
21970382-8187-4e3f-9fa0-3e596915a3ed,22052874-e312-40fa-a6d1-9e107ba0e5f8,11,description-2197038,781295.65,8840369576981.9,8352858604716.33
6228723c-7daa-4cf2-9a60-18e621584701,22052875-53ad-4874-b83f-a3e54f000d4d,1,description-6228723,55009540.05,7967941222269.26,5165158946627.3
62287243-80e1-4ecd-9bab-7289b1f792f6,22052875-53ad-4874-b83f-a3e54f000d4d,73,description-6228724,92516474.36,6158066643143.64,1343579275299.28
26130170-4294-4c1b-a213-aefe3aedd8df,16566596-5271-42a6-8d8b-0b0ef48526e9,78,description-26130170,51586331.89,2439680078772.34,8434036057635.55
26130171-70ee-4838-863a-0912ca06a2d7,16566596-5271-42a6-8d8b-0b0ef48526e9,79,description-26130171,89788451.27,4425755105211.04,3385074232495.11
1409018e-31c6-4466-b90c-587928bc2213,16566597-db0d-4aff-bda2-c21ff68c0bb6,81,description-1409018,64232392.7,5557452120767.19,1369973764752.85
1409019a-5498-4397-aba9-2974f501916a,16566597-db0d-4aff-bda2-c21ff68c0bb6,8,description-1409019,24219932.25,2036159097309.33,74585911466.69
22640015-18df-4ce9-b697-0b0a299ae316,10153261-0728-490a-b7fb-3f7f0aa74f77,14,description-22640015,35930443.99,3335308015855.35,8304763168386.56
22640016-5072-4b15-bf87-ea381ba5a5f3,10153261-0728-490a-b7fb-3f7f0aa74f77,97,description-22640016,23519378.16,5883776380170.15,3396248854308.23
90020868-d96b-4d96-93fd-97008e0fc792,10153262-9a4f-4632-a2c9-0021139af004,71,description-9002086,6188697.35,8973322966459.61,5219335154690.29
90020877-76f6-4d50-b52b-8a44d22fae60,10153262-9a4f-4632-a2c9-0021139af004,24,description-9002087,17838596.97,3695188555535.43,3246669170896.67
28062613-fe47-445e-8968-f7d2b88e3405,36946501-ee96-4dd5-bd18-b8b6be2500fe,54,description-28062613,23196447.65,4915682399045.82,6956220646476.85
28062614-9f37-407c-8886-fa6416d12655,36946501-ee96-4dd5-bd18-b8b6be2500fe,54,description-28062614,15417742.91,8571603054069.92,9856072142462.41
21508759-2a3d-49c4-853a-0f39e5def4b0,36946518-196b-46a0-a6cd-8692491899a8,43,description-21508759,55866500.93,6705262142881.43,9364118449228.16
21508760-5999-4121-825b-8e569175aa04,36946518-196b-46a0-a6cd-8692491899a8,73,description-21508760,24287405.22,160936520670.05,909563170098.93
15679826-bc5e-44c0-a08f-ad15eda28e0c,17900379-8b46-433a-9634-ec8ff910f7f7,78,description-15679826,90500306.22,9303678624573.27,1161867046799.56
15679827-e704-47a7-a1cd-7c5578b742dd,17900379-8b46-433a-9634-ec8ff910f7f7,12,description-15679827,44808858.46,9536594966724.29,295629611325.85
16737060-ea42-47f1-8553-3dcb4a9bcfe3,17900380-99ab-47d2-88b2-369278b8eca3,49,description-16737060,79885388.42,747530209684.34,962276619284.25
16737061-ee47-44af-8c6e-8e2391abf936,17900380-99ab-47d2-88b2-369278b8eca3,16,description-16737061,80969809.85,2550132850480.8,6467743837939.82
16521761-a2e6-4314-aa9b-9c4fd8749986,6778849b-e459-402b-9c76-8cb40875b7c7,15,description-1652176,21437732.11,1287156687533.87,4179087633733.48
16521771-2ebc-4be1-a21e-8fd51b605d0d,6778849b-e459-402b-9c76-8cb40875b7c7,20,description-1652177,97304775.57,3389135213679.55,5100728320484.75
21106431-c92a-47e1-a7d9-a5c5af1d6f05,6778855b-5d0e-4f10-951c-8b003ee3b75e,8,description-21106431,82086065.13,9999701657612.02,3354896648280.85
21106432-d967-4ed0-9894-a91902d33da5,6778855b-5d0e-4f10-951c-8b003ee3b75e,56,description-21106432,21853183.32,5948074199891.68,137697285197.82
12264570-7f35-4cf3-b4a8-f6a410859416,29630170-9e31-4325-a4b5-90548d655e75,79,description-12264570,69910870.07,568171361321.48,1168340887773.03
12264571-1431-4ccd-a51a-29a1b808635c,29630170-9e31-4325-a4b5-90548d655e75,69,description-12264571,14935306.6,6012927792456.22,4357734299794.7
11801397-5ae8-4745-b6ec-298677166e3e,29630171-8e3c-4fdd-8f7a-4a224e474ba4,98,description-11801397,64811824.32,5974468689344.05,8121586922180.96
11801398-318a-4a59-96f6-3e640a628a92,29630171-8e3c-4fdd-8f7a-4a224e474ba4,56,description-11801398,68353098.89,964693884975.36,3006777029851.62
26779140-80e2-4e5c-a789-47cd62911236,22741684-a311-4869-9ed0-5de5b5fac42f,72,description-26779140,94014911.28,251321046242.17,6331268875348.69
26779141-25ec-440d-887b-4dc3283abb64,22741684-a311-4869-9ed0-5de5b5fac42f,57,description-26779141,80338383.71,8567015253100.25,3568323176054.3
28107821-0f7b-4461-9aaa-422ddb57ab3d,22741685-d1dd-4d87-873f-eb553e3bf3a5,80,description-28107821,76744377.5,9770742128576.02,4603384008319.11
28107822-db06-4e98-a97d-4d549bd87e7a,22741685-d1dd-4d87-873f-eb553e3bf3a5,31,description-28107822,50754752.84,314444693552.24,2546806395806.33
22001850-c52c-4a81-b21d-882598585f70,10037605-47a2-459f-a1e8-bfe3efb71664,86,description-22001850,21728049.55,21164685878.33,936181101633.24
22001851-35b6-4287-8b47-70cd720f6f0b,10037605-47a2-459f-a1e8-bfe3efb71664,59,description-22001851,36078796.14,9473838897376.34,7825878948772.87
18516628-d060-44ba-b421-40029d45533c,10037606-73f0-4364-8938-995be012e790,81,description-18516628,15398045.15,5430301301893.1,9198502547806.84
18516629-bbf0-4a23-adcf-33dc65991f07,10037606-73f0-4364-8938-995be012e790,90,description-18516629,47654314.45,3059625173702.49,2026022694414.45
11443773-792f-48c6-8712-a6e658e44e54,7458707f-94c8-4cc0-9528-d84ce441f7cb,96,description-11443773,14378139.2,4504638342938.7,5300688528911.15
11443774-0563-409a-b69b-9e895a4ebfb9,7458707f-94c8-4cc0-9528-d84ce441f7cb,2,description-11443774,21644482.4,5252274608935.48,2928858369567.63
28319245-1f53-4056-ab0c-25d428e287b8,74587085-09b7-4456-9a99-1b5e5512fdfa,56,description-28319245,53520251.54,8219399480833.97,4685934528574.28
28319246-ad66-4616-9b65-77e21ebdf266,74587085-09b7-4456-9a99-1b5e5512fdfa,41,description-28319246,34402408.46,1504020446901.04,2171686791350.95
26087606-9fad-432f-9ba2-f7248d4733fd,25610517-0c5a-476f-9b37-a9a0aba5b1c1,5,description-26087606,32337148.47,903561075155.94,6116064566831.18
26087607-9556-4b62-9824-2c08e310842d,25610517-0c5a-476f-9b37-a9a0aba5b1c1,13,description-26087607,85599016.56,340508740487.56,5401635256164.16
21956035-0fc8-4e85-b898-0af2ff4f06c4,25610518-bd9a-465c-b57c-78cd9ae7ce44,2,description-21956035,45511083.75,5489032266673.79,8929322814393.35
21956036-1e14-4c01-bd28-68d396b54e7b,25610518-bd9a-465c-b57c-78cd9ae7ce44,73,description-21956036,30158497.25,2765550845158.93,825811727323.27
13498929-5e3f-4a3d-b3c1-52528be46226,46464432-65d6-4aba-9b9e-7302868eb2c0,80,description-13498929,36331157.96,6719570933294.12,3556663905216.65
13498930-4b1a-4270-bb3d-32031df7f12d,46464432-65d6-4aba-9b9e-7302868eb2c0,83,description-13498930,56306945.15,737136061626.78,4444523610778.6
4180791a-7363-4c08-bcf4-88dd8da9e5e2,4646444b-d70a-4c7c-8534-8da2249edaf9,4,description-4180791,20406515.98,68144800036.56,2320953970553.14
41807920-9863-4e2a-9aa7-92ea1b4b5396,4646444b-d70a-4c7c-8534-8da2249edaf9,30,description-4180792,31147558.92,8177543428643.64,9140082198992.37
48795415-9291-425d-9ec4-be4e935b7b29,28974596-e2e4-47b1-86d3-881254f4bf24,21,description-4879541,35940923.3,436736748594.4,1359074196996.06
4879542f-47b5-4dd3-b8cb-f171d850dcdb,28974596-e2e4-47b1-86d3-881254f4bf24,83,description-4879542,35236599.88,6272269465361.12,4767878608133.55
72414389-3fcb-4b79-8128-8478d9c4d315,28974597-d717-4631-ace6-5b5e78bd42cc,71,description-7241438,70278646.74,7668328362428.59,8638475493061.59
7241439e-b933-447d-84d7-27c54cb65939,28974597-d717-4631-ace6-5b5e78bd42cc,51,description-7241439,53507216.46,2164573150720.27,2832103226969.75
13089512-d3f7-4060-8943-f5f78d47d7d4,10511299-456e-459c-aee2-7ea14c269962,15,description-13089512,67456384.79,4990330937236.45,1462235518529.87
13089513-f016-48d1-9e78-136792d86a4c,10511299-456e-459c-aee2-7ea14c269962,16,description-13089513,47136193.16,9308802371834.25,2436509404142.58
19355173-416b-47d6-848c-3e5a3e7e8493,10511300-c9f0-4348-8b2f-a646d4d69bb0,89,description-19355173,75644369.03,2541273529238.98,3090124703341.18
19355174-1572-424d-a4e2-4f209ad7bc88,10511300-c9f0-4348-8b2f-a646d4d69bb0,2,description-19355174,56874787.61,6982667692024.08,949487864451.41
14307772-3449-4510-ad8d-69285edc2d0b,12783615-7ac8-42cf-95d2-5c4925434c3c,69,description-14307772,558680.79,1966765224556.65,2479198800890.17
14307773-16ae-493c-8e85-83aad68011cf,12783615-7ac8-42cf-95d2-5c4925434c3c,34,description-14307773,16316763.56,2479380386921.28,1778329277597.14
45064371-4594-47cd-bd6c-021b973626f2,12783616-e916-47ec-b95d-79e6aaf5f42e,47,description-4506437,1659573.57,1410407969996.75,8120332814150.55
45064381-627a-4d55-ad6c-c7d54fa14770,12783616-e916-47ec-b95d-79e6aaf5f42e,2,description-4506438,66747868.06,7411467526060.76,7542841085598.87
20897161-c6a2-4667-ac52-a71c4a775296,21845564-e075-4dc9-a55e-c872d539c45f,61,description-20897161,50090292.65,1778778994127.45,2491648301405.35
20897162-7382-4448-bf95-62f50942eb2f,21845564-e075-4dc9-a55e-c872d539c45f,20,description-20897162,30444550.39,3387832326039.88,8344454350027.15
5745757b-fb51-4d2a-83af-413296f55e23,21845565-36ad-4247-914b-5c322f6ab034,48,description-5745757,85539766.27,4480552545206.44,3972811882033.8
5745758a-8478-45aa-8593-e9a72c06c5db,21845565-36ad-4247-914b-5c322f6ab034,47,description-5745758,23833176.86,7205213803861.35,7588752768950.15
11362601-f8e7-4f01-aef8-bcdf5cf5489b,24711769-5d3e-43db-a542-e00071576f78,42,description-1136260,7737204.33,9162751499799.17,8448405271823.08
11362618-15f0-4d60-9d56-cd7c948372f6,24711769-5d3e-43db-a542-e00071576f78,98,description-1136261,22200594.16,3411078170363.03,148712035773.25
13265625-357b-483c-b742-1f6199558332,24711770-f6b4-4b19-97e9-b2357fe4672b,92,description-13265625,34109160.7,6426422158505.85,8646999021764.57
13265626-14e6-4b69-ae5c-cf1dd2596888,24711770-f6b4-4b19-97e9-b2357fe4672b,3,description-13265626,31341881.27,1844028173591.19,2185627059679.1
29059785-2d1f-4d09-bb15-3965d4fb3538,25499421-2ca5-49dd-9a46-8475f4f19c45,40,description-29059785,71028137.9,3556915356236.02,7639840440952.99
29059786-1697-49d6-aff5-5a51680245ba,25499421-2ca5-49dd-9a46-8475f4f19c45,97,description-29059786,58227914.77,2276284121651.48,7408894165618.16
28516742-006c-486e-b0a9-4ec6e0b7c181,25499422-5505-47e9-b670-9d2774ea319a,35,description-28516742,43928018.05,2692625013957.81,704632791504.05
28516743-7099-49e6-944e-bc4107adeed4,25499422-5505-47e9-b670-9d2774ea319a,48,description-28516743,74043538.08,4315026650031.14,2648140212865.49
27044396-0cf6-474b-9e25-d9bc2d285a34,26971970-bbc6-48a9-b159-ec33a0f0ca92,50,description-2704439,6530453.72,2591239270216.37,7982997442186.74
2704440f-8b37-47a1-a190-4084c8ac50e9,26971970-bbc6-48a9-b159-ec33a0f0ca92,99,description-2704440,72949994.97,1351745611377.38,6711808366502.28
19998941-4f58-48fb-9a77-1be82bfa4bde,26971971-5864-4d86-9160-680624c81e14,52,description-1999894,80925035.07,9756201713693.68,2434738546956.53
19998952-3490-4525-bfc5-c45d0c3af921,26971971-5864-4d86-9160-680624c81e14,55,description-1999895,33620694.16,500009881804.06,1659175797055.35
13059817-ca3c-48e0-8f8e-cedfeac8172e,22562744-5270-4b71-be2c-fb07bf0895ea,0,description-13059817,75728528.17,2663237030005.7,1605931751598.31
13059818-b70d-4b9d-bf43-50c596fc6483,22562744-5270-4b71-be2c-fb07bf0895ea,95,description-13059818,14459349.71,2611810103685.1,5863957696811.8
11149186-2205-4fef-a38e-462b4e9ac811,22562745-8362-40a8-8daa-cb46e63cc2d3,72,description-11149186,55158761.45,3783047241446.82,1413931746059.16
11149187-1ed1-48e8-b3a7-2665578cbaf8,22562745-8362-40a8-8daa-cb46e63cc2d3,70,description-11149187,1154135.59,5529038155473.6,2943422702193.96
53227450-18f9-4fa8-8001-c83fc86ea8f0,2918000f-c5ea-4fb2-98f1-bd61e3454a24,16,description-5322745,39766201.41,1838666507718.98,2796815427901.25
5322746b-d87c-4da8-94e1-f2aa239ecec5,2918000f-c5ea-4fb2-98f1-bd61e3454a24,4,description-5322746,8962378.81,4796409644490.43,404496888364.46
16772577-d7dd-4c37-9bfc-2d2cc9e11d2f,29180016-ef0d-4132-b12f-2049759ea890,73,description-16772577,85347023.66,9578899476616.32,4918261109508.76
16772578-10ea-4e5b-afe9-bf66bad6050f,29180016-ef0d-4132-b12f-2049759ea890,69,description-16772578,86881372.73,6555307328535.58,1518087856923.86
20452141-f875-4001-b689-00faf30e704f,13394770-e40e-407b-8c5f-8b297fad0130,60,description-20452141,2917549.66,4769410287877.35,7997404735939.02
20452142-7a40-481d-8708-9f0d671d1cb2,13394770-e40e-407b-8c5f-8b297fad0130,89,description-20452142,23263143.83,2852658325080.77,6356291241586.48
28477732-c4d7-4941-a06d-de2afde2e258,13394771-8238-42fd-8f96-1d510361e4a5,80,description-28477732,30924988.35,844839866297.53,9683233711733.95
28477733-6b89-4804-a0ef-9e3bc6c711bc,13394771-8238-42fd-8f96-1d510361e4a5,35,description-28477733,13945501.84,9694032887905.03,8897423467310.89
8607688b-0af5-4c35-8777-f334b2289002,29169513-a357-4a4c-98e1-174241f4c4ea,42,description-8607688,37409535.55,5806536543228.13,3421636910265.47
86076894-5a47-46cb-9415-9086dd605426,29169513-a357-4a4c-98e1-174241f4c4ea,21,description-8607689,31097649.45,3379518707011.57,9779047250510.91
27003739-7640-43a1-b502-e895a12713d7,29169514-3cdb-44f3-9c16-adf6cf190db0,76,description-27003739,83553397.07,1833636543191.54,1139675156752.01
27003740-53ce-4e81-a781-ff80203b3c2e,29169514-3cdb-44f3-9c16-adf6cf190db0,92,description-27003740,23012237.86,1563376420100.29,1214742570173.17
90588554-cd7e-414a-b469-04a1a62ae205,23996653-4b84-4b79-9f00-cb8bffa741bf,68,description-9058855,19382574.01,8765159915925.69,6368000236156.48
90588560-6627-4122-9b2e-af0665f535be,23996653-4b84-4b79-9f00-cb8bffa741bf,91,description-9058856,78037012.65,1569355541420.17,4954053698860.55
6821113e-b712-4002-b83b-69dc9e78b054,23996654-b91a-4ccd-a2ee-03c135cd58b6,29,description-6821113,53622889.2,2618776776071.05,3635097741120.48
6821114e-ffec-43a6-9e17-d5e08da434ea,23996654-b91a-4ccd-a2ee-03c135cd58b6,55,description-6821114,94665647.49,2492656623144.32,2404949940790.46
27650647-55a3-4070-b01b-a0c1579225ea,15529446-b182-4169-98bf-a564a244811d,67,description-27650647,89842423.97,9846951299570.11,6684547488240.03
27650648-ca14-41b9-9d39-4a2753ae68c8,15529446-b182-4169-98bf-a564a244811d,52,description-27650648,53157563.62,4849977838321.38,6240646116457.1
69332800-a398-416d-8277-167fd7bb72a7,15529447-08d5-4f7f-8e53-f55db2beb258,97,description-6933280,59808884.78,760949952372.8,7723011563725.96
6933281d-fbe2-4183-a963-d9f70e9c6843,15529447-08d5-4f7f-8e53-f55db2beb258,24,description-6933281,30374436.53,9395378311364.24,8684774580926.77
13220730-f3bf-41e8-af20-a2fd46ac7f22,24132360-009c-4414-ae8e-c9d93331fac7,94,description-13220730,53626.13,6604991091899.15,4728216694258.17
13220731-960d-4e3b-810d-480a389b374b,24132360-009c-4414-ae8e-c9d93331fac7,78,description-13220731,7670341.85,1365388796148.7,5538440031858.69
13337532-7e6d-4e0b-8b4a-e9d258670205,24132361-6e35-4fea-b130-afe7b6bc46bc,93,description-13337532,7079029.81,1239266125563.03,5089704128693.66
13337533-958f-4aa1-a90b-e6a2fe159d74,24132361-6e35-4fea-b130-afe7b6bc46bc,46,description-13337533,54705435.38,4222034146230.39,5250120123722.54
30627754-02cf-4243-9a07-2710e0b9404e,12764299-a73f-42f4-a6b1-6cb3c03b6f74,30,description-30627754,55515727.31,4502447981109.77,8189023945815.87
30627755-997b-49ee-9630-b59b8587ad05,12764299-a73f-42f4-a6b1-6cb3c03b6f74,11,description-30627755,77102058.66,1527057325671.83,9314676066256.1
27640256-321c-4035-a0d3-9a18fa6a6585,12764300-ddb9-43ff-a9ca-60aa648a65c4,88,description-27640256,10288780.06,7849929814009.09,7330582436092.03
27640257-2fbc-4a31-a01e-0ce4a3f9de28,12764300-ddb9-43ff-a9ca-60aa648a65c4,27,description-27640257,5275133,4868048008703.31,2130105163803.23
